t_start,t_end,Mean(R),Std(R),Quantile.0.025(R),Quantile.0.05(R),Quantile.0.25(R),Median(R),Quantile.0.75(R),Quantile.0.95(R),Quantile.0.975(R),county,numCases,numDaysWithCases
2020-03-17,2020-03-23,3.415,1.527,1.109,1.345,6.251,3.19,6.251,6.251,6.994,Allamakee,113,58
2020-03-18,2020-03-24,2.628,1.175,0.853,1.036,4.811,2.455,4.811,4.811,5.383,Allamakee,113,58
2020-03-19,2020-03-25,2.512,1.025,0.922,1.094,4.401,2.374,4.401,4.401,4.885,Allamakee,113,58
2020-03-20,2020-03-26,2.107,0.86,0.773,0.918,3.692,1.991,3.692,3.692,4.098,Allamakee,113,58
2020-03-21,2020-03-27,1.538,0.688,0.499,0.606,2.816,1.437,2.816,2.816,3.151,Allamakee,113,58
2020-03-22,2020-03-28,0.831,0.48,0.171,0.227,1.745,0.741,1.745,1.745,2.002,Allamakee,113,58
2020-03-23,2020-03-29,0.768,0.443,0.158,0.209,1.611,0.684,1.611,1.611,1.849,Allamakee,113,58
2020-03-24,2020-03-30,0.489,0.346,0.059,0.087,1.161,0.411,1.161,1.161,1.364,Allamakee,113,58
2020-03-25,2020-03-31,0.489,0.346,0.059,0.087,1.159,0.41,1.159,1.159,1.361,Allamakee,113,58
2020-03-26,2020-04-01,0.254,0.254,0.006,0.013,0.762,0.176,0.762,0.762,0.938,Allamakee,113,58
2020-03-27,2020-04-02,2.478,0.826,1.133,1.293,3.974,2.387,3.974,3.974,4.34,Allamakee,113,58
2020-03-28,2020-04-03,3.078,0.973,1.476,1.67,4.835,2.976,4.835,4.835,5.259,Allamakee,113,58
2020-03-29,2020-04-04,3.383,1.07,1.622,1.835,5.313,3.271,5.313,5.313,5.779,Allamakee,113,58
2020-03-30,2020-04-05,3.656,1.102,1.825,2.05,5.638,3.546,5.638,5.638,6.113,Allamakee,113,58
2020-03-31,2020-04-06,3.18,0.959,1.587,1.783,4.903,3.084,4.903,4.903,5.316,Allamakee,113,58
2020-04-01,2020-04-07,2.612,0.788,1.304,1.465,4.028,2.533,4.028,4.028,4.367,Allamakee,113,58
2020-04-02,2020-04-08,2.534,0.703,1.349,1.499,3.79,2.469,3.79,3.79,4.086,Allamakee,113,58
2020-04-03,2020-04-09,0.821,0.367,0.267,0.324,1.504,0.767,1.504,1.504,1.682,Allamakee,113,58
2020-04-04,2020-04-10,0.713,0.319,0.232,0.281,1.306,0.666,1.306,1.306,1.461,Allamakee,113,58
2020-04-05,2020-04-11,0.774,0.316,0.284,0.337,1.357,0.732,1.357,1.357,1.506,Allamakee,113,58
2020-04-06,2020-04-12,0.618,0.276,0.201,0.243,1.131,0.577,1.131,1.131,1.266,Allamakee,113,58
2020-04-07,2020-04-13,0.871,0.329,0.35,0.409,1.474,0.83,1.474,1.474,1.625,Allamakee,113,58
2020-04-08,2020-04-14,1.038,0.367,0.448,0.517,1.706,0.995,1.706,1.706,1.872,Allamakee,113,58
2020-04-09,2020-04-15,0.827,0.337,0.303,0.36,1.448,0.781,1.448,1.448,1.607,Allamakee,113,58
2020-04-10,2020-04-16,1.166,0.412,0.503,0.58,1.916,1.118,1.916,1.916,2.102,Allamakee,113,58
2020-04-11,2020-04-17,1.217,0.43,0.526,0.606,2.001,1.167,2.001,2.001,2.195,Allamakee,113,58
2020-04-12,2020-04-18,2.193,0.586,1.199,1.326,3.238,2.141,3.238,3.238,3.483,Allamakee,113,58
2020-04-13,2020-04-19,2.533,0.633,1.448,1.589,3.657,2.481,3.657,3.657,3.917,Allamakee,113,58
2020-04-14,2020-04-20,2.784,0.656,1.65,1.8,3.944,2.733,3.944,3.944,4.21,Allamakee,113,58
2020-04-15,2020-04-21,3.01,0.657,1.863,2.017,4.166,2.963,4.166,4.166,4.428,Allamakee,113,58
2020-04-16,2020-04-22,2.788,0.594,1.747,1.887,3.832,2.746,3.832,3.832,4.068,Allamakee,113,58
2020-04-17,2020-04-23,2.288,0.499,1.416,1.533,3.166,2.252,3.166,3.166,3.365,Allamakee,113,58
2020-04-18,2020-04-24,2.231,0.455,1.43,1.539,3.029,2.2,3.029,3.029,3.208,Allamakee,113,58
2020-04-19,2020-04-25,1.845,0.385,1.17,1.261,2.52,1.818,2.52,2.52,2.672,Allamakee,113,58
2020-04-20,2020-04-26,2.329,0.405,1.603,1.705,3.034,2.306,3.034,3.034,3.189,Allamakee,113,58
2020-04-21,2020-04-27,2.089,0.364,1.438,1.529,2.721,2.068,2.721,2.721,2.859,Allamakee,113,58
2020-04-22,2020-04-28,2.464,0.376,1.783,1.88,3.113,2.445,3.113,3.113,3.254,Allamakee,113,58
2020-04-23,2020-04-29,2.278,0.343,1.655,1.744,2.871,2.261,2.871,2.871,2.999,Allamakee,113,58
2020-04-24,2020-04-30,2.042,0.308,1.484,1.564,2.574,2.027,2.574,2.574,2.689,Allamakee,113,58
2020-04-25,2020-05-01,1.692,0.264,1.214,1.282,2.149,1.678,2.149,2.149,2.248,Allamakee,113,58
2020-04-26,2020-05-02,1.396,0.226,0.988,1.045,1.788,1.384,1.788,1.788,1.873,Allamakee,113,58
2020-04-27,2020-05-03,1.027,0.184,0.698,0.744,1.348,1.016,1.348,1.348,1.419,Allamakee,113,58
2020-04-28,2020-05-04,0.825,0.159,0.544,0.582,1.102,0.815,1.102,1.102,1.164,Allamakee,113,58
2020-04-29,2020-05-05,0.377,0.104,0.201,0.223,0.563,0.367,0.563,0.563,0.607,Allamakee,113,58
2020-04-30,2020-05-06,0.312,0.094,0.156,0.175,0.481,0.302,0.481,0.481,0.521,Allamakee,113,58
2020-05-01,2020-05-07,0.316,0.095,0.158,0.177,0.487,0.307,0.487,0.487,0.528,Allamakee,113,58
2020-05-02,2020-05-08,0.363,0.105,0.188,0.21,0.551,0.353,0.551,0.551,0.596,Allamakee,113,58
2020-05-03,2020-05-09,0.298,0.099,0.136,0.155,0.478,0.287,0.478,0.478,0.522,Allamakee,113,58
2020-05-04,2020-05-10,0.52,0.139,0.284,0.314,0.768,0.508,0.768,0.768,0.826,Allamakee,113,58
2020-05-05,2020-05-11,0.635,0.164,0.356,0.392,0.927,0.621,0.927,0.927,0.995,Allamakee,113,58
2020-05-06,2020-05-12,0.777,0.194,0.444,0.487,1.121,0.761,1.121,1.121,1.201,Allamakee,113,58
2020-03-27,2020-04-02,2.597,1.836,0.315,0.461,6.16,2.179,6.16,6.16,7.235,Clayton,28,48
2020-03-28,2020-04-03,3.355,1.937,0.692,0.915,7.041,2.991,7.041,7.041,8.08,Clayton,28,48
2020-03-29,2020-04-04,2.93,1.692,0.604,0.799,6.15,2.612,6.15,6.15,7.057,Clayton,28,48
2020-03-30,2020-04-05,3.473,1.736,0.946,1.186,6.732,3.188,6.732,6.732,7.612,Clayton,28,48
2020-03-31,2020-04-06,3.101,1.551,0.845,1.059,6.012,2.847,6.012,6.012,6.798,Clayton,28,48
2020-04-01,2020-04-07,3.436,1.537,1.116,1.354,6.29,3.21,6.29,6.29,7.038,Clayton,28,48
2020-04-02,2020-04-08,2.404,1.202,0.655,0.821,4.661,2.207,4.661,4.661,5.27,Clayton,28,48
2020-04-03,2020-04-09,2.084,1.042,0.568,0.712,4.039,1.913,4.039,4.039,4.567,Clayton,28,48
2020-04-04,2020-04-10,1.814,0.907,0.494,0.62,3.516,1.665,3.516,3.516,3.975,Clayton,28,48
2020-04-05,2020-04-11,2.021,0.904,0.656,0.796,3.701,1.888,3.701,3.701,4.14,Clayton,28,48
2020-04-06,2020-04-12,1.484,0.742,0.404,0.507,2.876,1.362,2.876,2.876,3.252,Clayton,28,48
2020-04-07,2020-04-13,1.388,0.694,0.378,0.474,2.69,1.274,2.69,2.69,3.042,Clayton,28,48
2020-04-08,2020-04-14,0.986,0.569,0.203,0.269,2.068,0.879,2.068,2.068,2.374,Clayton,28,48
2020-04-09,2020-04-15,0.948,0.547,0.196,0.258,1.989,0.845,1.989,1.989,2.283,Clayton,28,48
2020-04-10,2020-04-16,0.931,0.538,0.192,0.254,1.955,0.83,1.955,1.955,2.243,Clayton,28,48
2020-04-11,2020-04-17,0.626,0.442,0.076,0.111,1.484,0.525,1.484,1.484,1.743,Clayton,28,48
2020-04-12,2020-04-18,0.322,0.322,0.008,0.017,0.965,0.223,0.965,0.965,1.189,Clayton,28,48
2020-04-13,2020-04-19,0.339,0.339,0.009,0.017,1.015,0.235,1.015,1.015,1.25,Clayton,28,48
2020-04-14,2020-04-20,0.367,0.367,0.009,0.019,1.1,0.254,1.1,1.1,1.354,Clayton,28,48
2020-04-15,2020-04-21,0.826,0.584,0.1,0.147,1.959,0.693,1.959,1.959,2.301,Clayton,28,48
2020-04-16,2020-04-22,0.965,0.682,0.117,0.171,2.289,0.81,2.289,2.289,2.689,Clayton,28,48
2020-04-17,2020-04-23,1.152,0.815,0.14,0.205,2.733,0.967,2.733,2.733,3.21,Clayton,28,48
2020-04-18,2020-04-24,2.044,1.18,0.421,0.557,4.289,1.822,4.289,4.289,4.922,Clayton,28,48
2020-04-19,2020-04-25,3.884,1.737,1.261,1.53,7.11,3.628,7.11,7.11,7.956,Clayton,28,48
2020-04-20,2020-04-26,4.986,2.035,1.83,2.171,8.736,4.712,8.736,8.736,9.696,Clayton,28,48
2020-04-21,2020-04-27,4.778,1.951,1.754,2.081,8.372,4.516,8.372,8.372,9.293,Clayton,28,48
2020-04-22,2020-04-28,3.361,1.503,1.091,1.324,6.152,3.139,6.152,6.152,6.884,Clayton,28,48
2020-04-23,2020-04-29,2.651,1.185,0.861,1.044,4.853,2.476,4.853,4.853,5.429,Clayton,28,48
2020-04-24,2020-04-30,2.956,1.117,1.189,1.388,5.002,2.817,5.002,5.002,5.516,Clayton,28,48
2020-04-25,2020-05-01,2.469,0.933,0.993,1.159,4.178,2.353,4.178,4.178,4.607,Clayton,28,48
2020-04-26,2020-05-02,1.531,0.685,0.497,0.603,2.802,1.43,2.802,2.802,3.135,Clayton,28,48
2020-04-27,2020-05-03,1.083,0.542,0.295,0.37,2.1,0.995,2.1,2.1,2.374,Clayton,28,48
2020-04-28,2020-05-04,1.471,0.6,0.54,0.64,2.577,1.39,2.577,2.577,2.86,Clayton,28,48
2020-04-29,2020-05-05,1.61,0.609,0.647,0.756,2.724,1.534,2.724,2.724,3.004,Clayton,28,48
2020-04-30,2020-05-06,1.56,0.59,0.627,0.732,2.639,1.486,2.639,2.639,2.911,Clayton,28,48
2020-05-01,2020-05-07,1.308,0.534,0.48,0.569,2.291,1.236,2.291,2.291,2.543,Clayton,28,48
2020-05-02,2020-05-08,1.482,0.56,0.596,0.696,2.508,1.412,2.508,2.508,2.765,Clayton,28,48
2020-05-03,2020-05-09,1.637,0.579,0.707,0.815,2.691,1.57,2.691,2.691,2.952,Clayton,28,48
2020-05-04,2020-05-10,1.781,0.594,0.814,0.929,2.856,1.715,2.856,2.856,3.119,Clayton,28,48
2020-05-05,2020-05-11,1.334,0.504,0.536,0.626,2.257,1.271,2.257,2.257,2.489,Clayton,28,48
2020-05-06,2020-05-12,2.001,0.603,0.999,1.122,3.085,1.941,3.085,3.085,3.345,Clayton,28,48
2020-03-22,2020-03-28,2.601,1.839,0.315,0.462,6.17,2.183,6.17,6.17,7.247,Fayette,24,53
2020-03-23,2020-03-29,2.288,1.618,0.277,0.407,5.427,1.92,5.427,5.427,6.374,Fayette,24,53
2020-03-24,2020-03-30,2.084,1.473,0.252,0.37,4.943,1.749,4.943,4.943,5.805,Fayette,24,53
2020-03-25,2020-03-31,1.948,1.377,0.236,0.346,4.62,1.635,4.62,4.62,5.427,Fayette,24,53
2020-03-26,2020-04-01,1.856,1.313,0.225,0.33,4.403,1.558,4.403,4.403,5.172,Fayette,24,53
2020-03-27,2020-04-02,1.795,1.269,0.217,0.319,4.257,1.506,4.257,4.257,4.999,Fayette,24,53
2020-03-28,2020-04-03,2.629,1.518,0.542,0.717,5.517,2.343,5.517,5.517,6.331,Fayette,24,53
2020-03-29,2020-04-04,1.722,1.218,0.209,0.306,4.085,1.445,4.085,4.085,4.798,Fayette,24,53
2020-03-30,2020-04-05,1.676,1.185,0.203,0.298,3.976,1.407,3.976,3.976,4.67,Fayette,24,53
2020-03-31,2020-04-06,1.607,1.136,0.195,0.285,3.811,1.348,3.811,3.811,4.476,Fayette,24,53
2020-04-01,2020-04-07,1.548,1.095,0.187,0.275,3.672,1.299,3.672,3.672,4.313,Fayette,24,53
2020-04-02,2020-04-08,1.516,1.072,0.184,0.269,3.595,1.272,3.595,3.595,4.223,Fayette,24,53
2020-04-03,2020-04-09,1.508,1.066,0.183,0.268,3.576,1.265,3.576,3.576,4.2,Fayette,24,53
2020-04-04,2020-04-10,1.516,1.072,0.184,0.269,3.597,1.272,3.597,3.597,4.224,Fayette,24,53
2020-04-05,2020-04-11,1.535,1.085,0.186,0.273,3.64,1.288,3.64,3.64,4.276,Fayette,24,53
2020-04-06,2020-04-12,1.557,1.101,0.189,0.277,3.694,1.307,3.694,3.694,4.338,Fayette,24,53
2020-04-07,2020-04-13,2.37,1.368,0.489,0.646,4.973,2.112,4.973,4.973,5.706,Fayette,24,53
2020-04-08,2020-04-14,2.398,1.384,0.494,0.653,5.031,2.137,5.031,5.031,5.774,Fayette,24,53
2020-04-09,2020-04-15,2.385,1.377,0.492,0.65,5.004,2.125,5.004,5.004,5.742,Fayette,24,53
2020-04-10,2020-04-16,2.289,1.322,0.472,0.624,4.804,2.041,4.804,4.804,5.513,Fayette,24,53
2020-04-11,2020-04-17,2.133,1.232,0.44,0.581,4.476,1.901,4.476,4.476,5.137,Fayette,24,53
2020-04-12,2020-04-18,1.963,1.134,0.405,0.535,4.12,1.75,4.12,4.12,4.728,Fayette,24,53
2020-04-13,2020-04-19,1.812,1.046,0.374,0.494,3.803,1.615,3.803,3.803,4.364,Fayette,24,53
2020-04-14,2020-04-20,1.127,0.797,0.136,0.2,2.673,0.946,2.673,2.673,3.139,Fayette,24,53
2020-04-15,2020-04-21,1.598,0.923,0.33,0.436,3.354,1.425,3.354,3.354,3.849,Fayette,24,53
2020-04-16,2020-04-22,1.544,0.892,0.318,0.421,3.241,1.377,3.241,3.241,3.719,Fayette,24,53
2020-04-17,2020-04-23,1.526,0.881,0.315,0.416,3.203,1.36,3.203,3.203,3.675,Fayette,24,53
2020-04-18,2020-04-24,2.532,1.132,0.822,0.998,4.635,2.365,4.635,4.635,5.186,Fayette,24,53
2020-04-19,2020-04-25,3.517,1.329,1.414,1.65,5.949,3.351,5.949,5.949,6.561,Fayette,24,53
2020-04-20,2020-04-26,4.866,1.539,2.333,2.64,7.642,4.705,7.642,7.642,8.313,Fayette,24,53
2020-04-21,2020-04-27,4.884,1.472,2.438,2.739,7.531,4.737,7.531,7.531,8.165,Fayette,24,53
2020-04-22,2020-04-28,4.11,1.239,2.052,2.305,6.337,3.986,6.337,6.337,6.871,Fayette,24,53
2020-04-23,2020-04-29,4.148,1.109,2.268,2.508,6.124,4.05,6.124,6.124,6.587,Fayette,24,53
2020-04-24,2020-04-30,3.259,0.871,1.782,1.97,4.812,3.182,4.812,4.812,5.175,Fayette,24,53
2020-04-25,2020-05-01,2.235,0.645,1.155,1.29,3.391,2.173,3.391,3.391,3.666,Fayette,24,53
2020-04-26,2020-05-02,1.68,0.507,0.839,0.942,2.59,1.629,2.59,2.59,2.809,Fayette,24,53
2020-04-27,2020-05-03,1.038,0.367,0.448,0.516,1.705,0.995,1.705,1.705,1.871,Fayette,24,53
2020-04-28,2020-05-04,0.92,0.325,0.397,0.458,1.512,0.882,1.512,1.512,1.659,Fayette,24,53
2020-04-29,2020-05-05,0.748,0.283,0.301,0.351,1.265,0.712,1.265,1.265,1.395,Fayette,24,53
2020-04-30,2020-05-06,0.518,0.232,0.168,0.204,0.949,0.484,0.949,0.949,1.061,Fayette,24,53
2020-05-01,2020-05-07,0.521,0.233,0.169,0.205,0.954,0.487,0.954,0.954,1.068,Fayette,24,53
2020-05-02,2020-05-08,0.433,0.216,0.118,0.148,0.839,0.397,0.839,0.839,0.949,Fayette,24,53
2020-05-03,2020-05-09,0.346,0.2,0.071,0.094,0.726,0.309,0.726,0.726,0.833,Fayette,24,53
2020-05-04,2020-05-10,0.377,0.218,0.078,0.103,0.792,0.336,0.792,0.792,0.909,Fayette,24,53
2020-05-05,2020-05-11,0.28,0.198,0.034,0.05,0.664,0.235,0.664,0.664,0.78,Fayette,24,53
2020-05-06,2020-05-12,0.317,0.224,0.038,0.056,0.752,0.266,0.752,0.752,0.883,Fayette,24,53
2020-04-05,2020-04-11,1.301,1.301,0.033,0.067,3.896,0.902,3.896,3.896,4.798,Howard,12,39
2020-04-06,2020-04-12,1.146,1.146,0.029,0.059,3.432,0.794,3.432,3.432,4.226,Howard,12,39
2020-04-07,2020-04-13,1.066,1.066,0.027,0.055,3.192,0.739,3.192,3.192,3.931,Howard,12,39
2020-04-08,2020-04-14,1.061,1.061,0.027,0.054,3.178,0.735,3.178,3.178,3.913,Howard,12,39
2020-04-09,2020-04-15,1.124,1.124,0.028,0.058,3.368,0.779,3.368,3.368,4.147,Howard,12,39
2020-04-10,2020-04-16,2.502,1.769,0.303,0.444,5.933,2.099,5.933,5.933,6.969,Howard,12,39
2020-04-11,2020-04-17,2.874,2.032,0.348,0.511,6.818,2.412,6.818,6.818,8.007,Howard,12,39
2020-04-12,2020-04-18,6.531,3.265,1.779,2.231,12.66,5.996,12.66,12.66,14.315,Howard,12,39
2020-04-13,2020-04-19,6.831,3.416,1.861,2.333,13.242,6.271,13.242,13.242,14.973,Howard,12,39
2020-04-14,2020-04-20,6.129,3.065,1.67,2.094,11.881,5.627,11.881,11.881,13.435,Howard,12,39
2020-04-15,2020-04-21,4.738,2.369,1.291,1.618,9.183,4.349,9.183,9.183,10.384,Howard,12,39
2020-04-16,2020-04-22,3.518,1.759,0.959,1.202,6.819,3.23,6.819,6.819,7.711,Howard,12,39
2020-04-17,2020-04-23,2.028,1.171,0.418,0.553,4.256,1.808,4.256,4.256,4.884,Howard,12,39
2020-04-18,2020-04-24,1.647,0.951,0.34,0.449,3.456,1.468,3.456,3.456,3.966,Howard,12,39
2020-04-19,2020-04-25,0.473,0.473,0.012,0.024,1.417,0.328,1.417,1.417,1.745,Howard,12,39
2020-04-20,2020-04-26,1.296,0.749,0.267,0.353,2.721,1.156,2.721,2.721,3.122,Howard,12,39
2020-04-21,2020-04-27,1.257,0.726,0.259,0.343,2.638,1.121,2.638,2.638,3.028,Howard,12,39
2020-04-22,2020-04-28,1.71,0.855,0.466,0.584,3.315,1.57,3.315,3.315,3.748,Howard,12,39
2020-04-23,2020-04-29,3.111,1.176,1.251,1.46,5.263,2.964,5.263,5.263,5.803,Howard,12,39
2020-04-24,2020-04-30,3.188,1.205,1.282,1.496,5.394,3.038,5.394,5.394,5.948,Howard,12,39
2020-04-25,2020-05-01,3.085,1.166,1.24,1.448,5.219,2.939,5.219,5.219,5.756,Howard,12,39
2020-04-26,2020-05-02,2.756,1.042,1.108,1.294,4.663,2.626,4.663,4.663,5.143,Howard,12,39
2020-04-27,2020-05-03,1.68,0.751,0.545,0.662,3.075,1.569,3.075,3.075,3.441,Howard,12,39
2020-04-28,2020-05-04,2.001,0.756,0.805,0.939,3.386,1.907,3.386,3.386,3.734,Howard,12,39
2020-04-29,2020-05-05,1.503,0.614,0.552,0.655,2.633,1.42,2.633,2.633,2.923,Howard,12,39
2020-04-30,2020-05-06,0.683,0.394,0.141,0.186,1.433,0.609,1.433,1.433,1.644,Howard,12,39
2020-05-01,2020-05-07,0.638,0.368,0.132,0.174,1.339,0.569,1.339,1.339,1.536,Howard,12,39
2020-05-02,2020-05-08,0.616,0.356,0.127,0.168,1.293,0.549,1.293,1.293,1.484,Howard,12,39
2020-05-03,2020-05-09,0.621,0.359,0.128,0.169,1.304,0.554,1.304,1.304,1.496,Howard,12,39
2020-05-04,2020-05-10,0.651,0.376,0.134,0.178,1.367,0.581,1.367,1.367,1.568,Howard,12,39
2020-05-05,2020-05-11,0.234,0.234,0.006,0.012,0.702,0.162,0.702,0.702,0.864,Howard,12,39
2020-05-06,2020-05-12,0.257,0.257,0.007,0.013,0.77,0.178,0.77,0.77,0.948,Howard,12,39
2020-03-19,2020-03-25,1.301,1.301,0.033,0.067,3.896,0.902,3.896,3.896,4.798,Winneshiek,18,56
2020-03-20,2020-03-26,1.146,1.146,0.029,0.059,3.432,0.794,3.432,3.432,4.226,Winneshiek,18,56
2020-03-21,2020-03-27,2.131,1.507,0.258,0.379,5.055,1.788,5.055,5.055,5.937,Winneshiek,18,56
2020-03-22,2020-03-28,2.119,1.498,0.257,0.376,5.025,1.778,5.025,5.025,5.902,Winneshiek,18,56
2020-03-23,2020-03-29,3.294,1.902,0.679,0.898,6.912,2.936,6.912,6.912,7.932,Winneshiek,18,56
2020-03-24,2020-03-30,3.391,1.958,0.699,0.924,7.116,3.022,7.116,7.116,8.166,Winneshiek,18,56
2020-03-25,2020-03-31,3.32,1.917,0.685,0.905,6.968,2.96,6.968,6.968,7.996,Winneshiek,18,56
2020-03-26,2020-04-01,3.03,1.749,0.625,0.826,6.359,2.701,6.359,6.359,7.297,Winneshiek,18,56
2020-03-27,2020-04-02,3.529,1.765,0.962,1.206,6.841,3.24,6.841,6.841,7.735,Winneshiek,18,56
2020-03-28,2020-04-03,2.295,1.325,0.473,0.625,4.816,2.045,4.816,4.816,5.526,Winneshiek,18,56
2020-03-29,2020-04-04,1.997,1.153,0.412,0.544,4.191,1.78,4.191,4.191,4.809,Winneshiek,18,56
2020-03-30,2020-04-05,1.172,0.829,0.142,0.208,2.78,0.984,2.78,2.78,3.265,Winneshiek,18,56
2020-03-31,2020-04-06,1.062,0.751,0.129,0.189,2.518,0.891,2.518,2.518,2.958,Winneshiek,18,56
2020-04-01,2020-04-07,1.001,0.708,0.121,0.178,2.374,0.84,2.374,2.374,2.788,Winneshiek,18,56
2020-04-02,2020-04-08,0.987,0.698,0.12,0.175,2.341,0.828,2.341,2.341,2.749,Winneshiek,18,56
2020-04-03,2020-04-09,1.011,0.715,0.122,0.18,2.398,0.848,2.398,2.398,2.816,Winneshiek,18,56
2020-04-04,2020-04-10,1.063,0.752,0.129,0.189,2.521,0.892,2.521,2.521,2.961,Winneshiek,18,56
2020-04-05,2020-04-11,1.133,0.801,0.137,0.201,2.688,0.951,2.688,2.688,3.157,Winneshiek,18,56
2020-04-06,2020-04-12,1.214,0.858,0.147,0.216,2.879,1.019,2.879,2.879,3.382,Winneshiek,18,56
2020-04-07,2020-04-13,1.296,0.917,0.157,0.23,3.075,1.088,3.075,3.075,3.612,Winneshiek,18,56
2020-04-08,2020-04-14,1.375,0.972,0.166,0.244,3.261,1.154,3.261,3.261,3.83,Winneshiek,18,56
2020-04-09,2020-04-15,1.444,1.021,0.175,0.257,3.425,1.212,3.425,3.425,4.022,Winneshiek,18,56
2020-04-10,2020-04-16,0.751,0.751,0.019,0.039,2.249,0.52,2.249,2.249,2.77,Winneshiek,18,56
2020-04-11,2020-04-17,0.775,0.775,0.02,0.04,2.32,0.537,2.32,2.32,2.857,Winneshiek,18,56
2020-04-12,2020-04-18,0.805,0.805,0.02,0.041,2.411,0.558,2.411,2.411,2.969,Winneshiek,18,56
2020-04-13,2020-04-19,1.725,1.22,0.209,0.306,4.091,1.448,4.091,4.091,4.805,Winneshiek,18,56
2020-04-14,2020-04-20,1.918,1.356,0.232,0.341,4.549,1.609,4.549,4.549,5.343,Winneshiek,18,56
2020-04-15,2020-04-21,3.24,1.871,0.668,0.883,6.8,2.888,6.8,6.8,7.803,Winneshiek,18,56
2020-04-16,2020-04-22,4.698,2.349,1.28,1.605,9.106,4.312,9.106,9.106,10.296,Winneshiek,18,56
2020-04-17,2020-04-23,5.883,2.631,1.91,2.318,10.771,5.496,10.771,10.771,12.051,Winneshiek,18,56
2020-04-18,2020-04-24,7.346,2.777,2.954,3.448,12.428,6.999,12.428,12.428,13.705,Winneshiek,18,56
2020-04-19,2020-04-25,6.746,2.385,2.912,3.357,11.087,6.467,11.087,11.087,12.162,Winneshiek,18,56
2020-04-20,2020-04-26,6.35,2.008,3.045,3.445,9.972,6.139,9.972,9.972,10.848,Winneshiek,18,56
2020-04-21,2020-04-27,4.674,1.478,2.242,2.536,7.341,4.52,7.341,7.341,7.986,Winneshiek,18,56
2020-04-22,2020-04-28,3.126,1.042,1.43,1.631,5.014,3.011,5.014,5.014,5.476,Winneshiek,18,56
2020-04-23,2020-04-29,2.128,0.752,0.919,1.059,3.497,2.04,3.497,3.497,3.836,Winneshiek,18,56
2020-04-24,2020-04-30,1.495,0.565,0.601,0.702,2.53,1.425,2.53,2.53,2.79,Winneshiek,18,56
2020-04-25,2020-05-01,1.27,0.48,0.511,0.596,2.149,1.21,2.149,2.149,2.37,Winneshiek,18,56
2020-04-26,2020-05-02,0.977,0.399,0.359,0.426,1.712,0.923,1.712,1.712,1.9,Winneshiek,18,56
2020-04-27,2020-05-03,0.612,0.306,0.167,0.209,1.187,0.562,1.187,1.187,1.342,Winneshiek,18,56
2020-04-28,2020-05-04,0.597,0.298,0.163,0.204,1.157,0.548,1.157,1.157,1.308,Winneshiek,18,56
2020-04-29,2020-05-05,0.602,0.301,0.164,0.206,1.167,0.552,1.167,1.167,1.319,Winneshiek,18,56
2020-04-30,2020-05-06,0.627,0.313,0.171,0.214,1.215,0.576,1.215,1.215,1.374,Winneshiek,18,56
2020-05-01,2020-05-07,0.67,0.335,0.183,0.229,1.299,0.615,1.299,1.299,1.469,Winneshiek,18,56
2020-05-02,2020-05-08,0.364,0.257,0.044,0.065,0.864,0.306,0.864,0.864,1.014,Winneshiek,18,56
2020-05-03,2020-05-09,0.398,0.282,0.048,0.071,0.945,0.334,0.945,0.945,1.11,Winneshiek,18,56
2020-05-04,2020-05-10,0.219,0.219,0.006,0.011,0.657,0.152,0.657,0.657,0.809,Winneshiek,18,56
2020-05-05,2020-05-11,0.245,0.245,0.006,0.013,0.735,0.17,0.735,0.735,0.905,Winneshiek,18,56
2020-05-06,2020-05-12,0.28,0.28,0.007,0.014,0.84,0.194,0.84,0.84,1.034,Winneshiek,18,56
2020-03-24,2020-03-30,2.564,1.146,0.832,1.01,4.693,2.395,4.693,4.693,5.251,Fillmore,14,51
2020-03-25,2020-03-31,2.491,1.017,0.914,1.085,4.364,2.354,4.364,4.364,4.844,Fillmore,14,51
2020-03-26,2020-04-01,2.071,0.845,0.76,0.902,3.628,1.957,3.628,3.628,4.027,Fillmore,14,51
2020-03-27,2020-04-02,2.089,0.789,0.84,0.98,3.534,1.99,3.534,3.534,3.897,Fillmore,14,51
2020-03-28,2020-04-03,1.867,0.706,0.751,0.876,3.158,1.779,3.158,3.158,3.483,Fillmore,14,51
2020-03-29,2020-04-04,1.217,0.544,0.395,0.48,2.229,1.137,2.229,2.229,2.494,Fillmore,14,51
2020-03-30,2020-04-05,1.125,0.503,0.365,0.443,2.06,1.051,2.06,2.06,2.305,Fillmore,14,51
2020-03-31,2020-04-06,0.846,0.423,0.231,0.289,1.64,0.777,1.64,1.64,1.854,Fillmore,14,51
2020-04-01,2020-04-07,0.612,0.354,0.126,0.167,1.285,0.546,1.285,1.285,1.475,Fillmore,14,51
2020-04-02,2020-04-08,0.608,0.351,0.125,0.166,1.277,0.542,1.277,1.277,1.465,Fillmore,14,51
2020-04-03,2020-04-09,0.416,0.294,0.05,0.074,0.986,0.349,0.986,0.986,1.158,Fillmore,14,51
2020-04-04,2020-04-10,0.439,0.311,0.053,0.078,1.042,0.369,1.042,1.042,1.224,Fillmore,14,51
2020-04-05,2020-04-11,0.477,0.337,0.058,0.085,1.131,0.4,1.131,1.131,1.329,Fillmore,14,51
2020-04-06,2020-04-12,0.266,0.266,0.007,0.014,0.796,0.184,0.796,0.796,0.981,Fillmore,14,51
2020-04-07,2020-04-13,0.303,0.303,0.008,0.016,0.906,0.21,0.906,0.906,1.116,Fillmore,14,51
2020-04-08,2020-04-14,0.351,0.351,0.009,0.018,1.051,0.243,1.051,1.051,1.294,Fillmore,14,51
2020-04-09,2020-04-15,0.416,0.416,0.011,0.021,1.248,0.289,1.248,1.248,1.536,Fillmore,14,51
2020-04-10,2020-04-16,0.507,0.507,0.013,0.026,1.517,0.351,1.517,1.517,1.868,Fillmore,14,51
2020-04-11,2020-04-17,0.629,0.629,0.016,0.032,1.886,0.436,1.886,1.886,2.322,Fillmore,14,51
2020-04-12,2020-04-18,0.795,0.795,0.02,0.041,2.381,0.551,2.381,2.381,2.932,Fillmore,14,51
2020-04-13,2020-04-19,1.013,1.013,0.026,0.052,3.035,0.702,3.035,3.035,3.738,Fillmore,14,51
2020-04-14,2020-04-20,2.587,1.829,0.313,0.46,6.137,2.171,6.137,6.137,7.207,Fillmore,14,51
2020-04-15,2020-04-21,3.274,2.315,0.396,0.582,7.766,2.747,7.766,7.766,9.121,Fillmore,14,51
2020-04-16,2020-04-22,3.927,2.777,0.476,0.698,9.314,3.295,9.314,9.314,10.939,Fillmore,14,51
2020-04-17,2020-04-23,6.203,3.581,1.279,1.691,13.017,5.529,13.017,13.017,14.937,Fillmore,14,51
2020-04-18,2020-04-24,5.707,3.295,1.177,1.555,11.976,5.087,11.976,11.976,13.743,Fillmore,14,51
2020-04-19,2020-04-25,4.771,2.755,0.984,1.3,10.013,4.253,10.013,10.013,11.49,Fillmore,14,51
2020-04-20,2020-04-26,3.785,2.185,0.781,1.032,7.943,3.374,7.943,7.943,9.115,Fillmore,14,51
2020-04-21,2020-04-27,2.004,1.417,0.243,0.356,4.754,1.682,4.754,4.754,5.584,Fillmore,14,51
2020-04-22,2020-04-28,1.646,1.164,0.199,0.292,3.905,1.381,3.905,3.905,4.586,Fillmore,14,51
2020-04-23,2020-04-29,1.426,1.008,0.173,0.253,3.381,1.196,3.381,3.381,3.971,Fillmore,14,51
2020-04-24,2020-04-30,0.657,0.657,0.017,0.034,1.967,0.455,1.967,1.967,2.422,Fillmore,14,51
2020-04-25,2020-05-01,0.637,0.637,0.016,0.033,1.908,0.442,1.908,1.908,2.35,Fillmore,14,51
2020-04-26,2020-05-02,0.648,0.648,0.016,0.033,1.942,0.449,1.942,1.942,2.391,Fillmore,14,51
2020-04-27,2020-05-03,0.694,0.694,0.018,0.036,2.08,0.481,2.08,2.08,2.561,Fillmore,14,51
2020-04-28,2020-05-04,0.78,0.78,0.02,0.04,2.335,0.54,2.335,2.335,2.876,Fillmore,14,51
2020-04-29,2020-05-05,0.909,0.909,0.023,0.047,2.724,0.63,2.724,2.724,3.354,Fillmore,14,51
2020-04-30,2020-05-06,1.09,1.09,0.028,0.056,3.265,0.755,3.265,3.265,4.02,Fillmore,14,51
2020-05-01,2020-05-07,1.328,1.328,0.034,0.068,3.978,0.92,3.978,3.978,4.898,Fillmore,14,51
2020-05-02,2020-05-08,1.628,1.628,0.041,0.083,4.876,1.128,4.876,4.876,6.005,Fillmore,14,51
2020-05-03,2020-05-09,1.988,1.988,0.05,0.102,5.956,1.378,5.956,5.956,7.334,Fillmore,14,51
2020-05-04,2020-05-10,4.795,3.39,0.581,0.852,11.373,4.024,11.373,11.373,13.357,Fillmore,14,51
2020-05-05,2020-05-11,5.647,3.993,0.684,1.003,13.394,4.739,13.394,13.394,15.732,Fillmore,14,51
2020-05-06,2020-05-12,9.165,5.291,1.89,2.498,19.233,8.169,19.233,19.233,22.07,Fillmore,14,51
2020-04-06,2020-04-12,1.301,1.301,0.033,0.067,3.896,0.902,3.896,3.896,4.798,Houston,2,38
2020-04-07,2020-04-13,1.146,1.146,0.029,0.059,3.432,0.794,3.432,3.432,4.226,Houston,2,38
2020-04-08,2020-04-14,1.066,1.066,0.027,0.055,3.192,0.739,3.192,3.192,3.931,Houston,2,38
2020-04-09,2020-04-15,1.061,1.061,0.027,0.054,3.178,0.735,3.178,3.178,3.913,Houston,2,38
2020-04-10,2020-04-16,1.124,1.124,0.028,0.058,3.368,0.779,3.368,3.368,4.147,Houston,2,38
2020-04-11,2020-04-17,1.251,1.251,0.032,0.064,3.747,0.867,3.747,3.747,4.614,Houston,2,38
2020-04-12,2020-04-18,1.44,1.44,0.036,0.074,4.313,0.998,4.313,4.313,5.311,Houston,2,38
2020-04-13,2020-04-19,1.692,1.692,0.043,0.087,5.067,1.172,5.067,5.067,6.24,Houston,2,38
2020-04-14,2020-04-20,2.004,2.004,0.051,0.103,6.003,1.389,6.003,6.003,7.392,Houston,2,38
2020-04-15,2020-04-21,2.368,2.368,0.06,0.121,7.094,1.641,7.094,7.094,8.735,Houston,2,38
2020-04-16,2020-04-22,2.767,2.767,0.07,0.142,8.288,1.918,8.288,8.288,10.206,Houston,2,38
2020-04-17,2020-04-23,3.175,3.175,0.08,0.163,9.511,2.201,9.511,9.511,11.712,Houston,2,38
2020-04-18,2020-04-24,3.565,3.565,0.09,0.183,10.68,2.471,10.68,10.68,13.151,Houston,2,38
2020-04-19,2020-04-25,3.913,3.913,0.099,0.201,11.722,2.712,11.722,11.722,14.435,Houston,2,38
2020-04-20,2020-04-26,4.204,4.204,0.106,0.216,12.595,2.914,12.595,12.595,15.509,Houston,2,38
2020-04-21,2020-04-27,4.434,4.434,0.112,0.227,13.284,3.074,13.284,13.284,16.358,Houston,2,38
2020-04-22,2020-04-28,4.608,4.608,0.117,0.236,13.803,3.194,13.803,13.803,16.997,Houston,2,38
2020-04-23,2020-04-29,4.733,4.733,0.12,0.243,14.18,3.281,14.18,14.18,17.461,Houston,2,38
2020-04-24,2020-04-30,4.822,4.822,0.122,0.247,14.445,3.342,14.445,14.445,17.787,Houston,2,38
2020-04-25,2020-05-01,4.882,4.882,0.124,0.25,14.626,3.384,14.626,14.626,18.01,Houston,2,38
2020-04-26,2020-05-02,4.923,4.923,0.125,0.253,14.749,3.412,14.749,14.749,18.161,Houston,2,38
2020-04-27,2020-05-03,4.95,4.95,0.125,0.254,14.83,3.431,14.83,14.83,18.261,Houston,2,38
2020-04-28,2020-05-04,4.968,4.968,0.126,0.255,14.883,3.444,14.883,14.883,18.326,Houston,2,38
2020-04-29,2020-05-05,4.98,4.98,0.126,0.255,14.917,3.452,14.917,14.917,18.369,Houston,2,38
2020-04-30,2020-05-06,4.987,4.987,0.126,0.256,14.94,3.457,14.94,14.94,18.397,Houston,2,38
2020-05-01,2020-05-07,9.984,7.059,1.209,1.774,23.68,8.378,23.68,23.68,27.813,Houston,2,38
2020-05-02,2020-05-08,9.927,7.019,1.202,1.764,23.546,8.33,23.546,23.546,27.655,Houston,2,38
2020-05-03,2020-05-09,9.033,6.387,1.094,1.605,21.425,7.58,21.425,21.425,25.164,Houston,2,38
2020-05-04,2020-05-10,7.041,4.979,0.853,1.251,16.702,5.909,16.702,16.702,19.616,Houston,2,38
2020-05-05,2020-05-11,5.158,3.647,0.625,0.916,12.234,4.328,12.234,12.234,14.369,Houston,2,38
2020-05-06,2020-05-12,3.884,2.746,0.47,0.69,9.212,3.259,9.212,9.212,10.819,Houston,2,38
2020-03-22,2020-03-28,4.175,2.088,1.138,1.426,8.093,3.833,8.093,8.093,9.151,Wabasha,13,53
2020-03-23,2020-03-29,3.003,1.501,0.818,1.026,5.82,2.756,5.82,5.82,6.581,Wabasha,13,53
2020-03-24,2020-03-30,3.417,1.395,1.254,1.488,5.986,3.229,5.986,5.986,6.644,Wabasha,13,53
2020-03-25,2020-03-31,2.786,1.137,1.022,1.213,4.882,2.633,4.882,4.882,5.418,Wabasha,13,53
2020-03-26,2020-04-01,1.589,0.795,0.433,0.543,3.081,1.459,3.081,3.081,3.484,Wabasha,13,53
2020-03-27,2020-04-02,1.041,0.601,0.215,0.284,2.185,0.928,2.185,2.185,2.507,Wabasha,13,53
2020-03-28,2020-04-03,0.932,0.538,0.192,0.254,1.955,0.83,1.955,1.955,2.244,Wabasha,13,53
2020-03-29,2020-04-04,0.871,0.503,0.18,0.237,1.827,0.776,1.827,1.827,2.097,Wabasha,13,53
2020-03-30,2020-04-05,0.854,0.493,0.176,0.233,1.791,0.761,1.791,1.791,2.056,Wabasha,13,53
2020-03-31,2020-04-06,0.29,0.29,0.007,0.015,0.869,0.201,0.869,0.869,1.07,Wabasha,13,53
2020-04-01,2020-04-07,0.303,0.303,0.008,0.016,0.909,0.21,0.909,0.909,1.119,Wabasha,13,53
2020-04-02,2020-04-08,0.326,0.326,0.008,0.017,0.976,0.226,0.976,0.976,1.202,Wabasha,13,53
2020-04-03,2020-04-09,0.363,0.363,0.009,0.019,1.087,0.252,1.087,1.087,1.339,Wabasha,13,53
2020-04-04,2020-04-10,0.42,0.42,0.011,0.022,1.26,0.291,1.26,1.26,1.551,Wabasha,13,53
2020-04-05,2020-04-11,0.505,0.505,0.013,0.026,1.511,0.35,1.511,1.511,1.861,Wabasha,13,53
2020-04-06,2020-04-12,0.623,0.623,0.016,0.032,1.865,0.432,1.865,1.865,2.297,Wabasha,13,53
2020-04-07,2020-04-13,0.784,0.784,0.02,0.04,2.349,0.543,2.349,2.349,2.892,Wabasha,13,53
2020-04-08,2020-04-14,1.998,1.413,0.242,0.355,4.739,1.677,4.739,4.739,5.566,Wabasha,13,53
2020-04-09,2020-04-15,2.549,1.803,0.309,0.453,6.047,2.139,6.047,6.047,7.102,Wabasha,13,53
2020-04-10,2020-04-16,3.135,2.217,0.38,0.557,7.437,2.631,7.437,7.437,8.734,Wabasha,13,53
2020-04-11,2020-04-17,5.203,3.004,1.073,1.418,10.919,4.638,10.919,10.919,12.53,Wabasha,13,53
2020-04-12,2020-04-18,5.072,2.928,1.046,1.382,10.643,4.521,10.643,10.643,12.213,Wabasha,13,53
2020-04-13,2020-04-19,4.446,2.567,0.917,1.212,9.331,3.963,9.331,9.331,10.708,Wabasha,13,53
2020-04-14,2020-04-20,3.64,2.102,0.751,0.992,7.639,3.245,7.639,7.639,8.766,Wabasha,13,53
2020-04-15,2020-04-21,1.962,1.388,0.238,0.349,4.655,1.647,4.655,4.655,5.467,Wabasha,13,53
2020-04-16,2020-04-22,1.627,1.15,0.197,0.289,3.859,1.365,3.859,3.859,4.532,Wabasha,13,53
2020-04-17,2020-04-23,1.416,1.001,0.171,0.252,3.359,1.188,3.359,3.359,3.945,Wabasha,13,53
2020-04-18,2020-04-24,0.654,0.654,0.017,0.034,1.959,0.453,1.959,1.959,2.412,Wabasha,13,53
2020-04-19,2020-04-25,0.635,0.635,0.016,0.033,1.903,0.44,1.903,1.903,2.344,Wabasha,13,53
2020-04-20,2020-04-26,0.647,0.647,0.016,0.033,1.938,0.448,1.938,1.938,2.387,Wabasha,13,53
2020-04-21,2020-04-27,0.693,0.693,0.018,0.036,2.077,0.481,2.077,2.077,2.558,Wabasha,13,53
2020-04-22,2020-04-28,0.779,0.779,0.02,0.04,2.333,0.54,2.333,2.333,2.873,Wabasha,13,53
2020-04-23,2020-04-29,0.909,0.909,0.023,0.047,2.722,0.63,2.722,2.722,3.352,Wabasha,13,53
2020-04-24,2020-04-30,1.089,1.089,0.028,0.056,3.263,0.755,3.263,3.263,4.018,Wabasha,13,53
2020-04-25,2020-05-01,2.655,1.877,0.321,0.472,6.297,2.228,6.297,6.297,7.395,Wabasha,13,53
2020-04-26,2020-05-02,4.872,2.813,1.005,1.328,10.224,4.343,10.224,10.224,11.733,Wabasha,13,53
2020-04-27,2020-05-03,5.707,3.295,1.177,1.556,11.977,5.087,11.977,11.977,13.744,Wabasha,13,53
2020-04-28,2020-05-04,5.742,3.315,1.184,1.565,12.051,5.118,12.051,12.051,13.829,Wabasha,13,53
2020-04-29,2020-05-05,4.803,2.773,0.991,1.309,10.08,4.281,10.08,10.08,11.567,Wabasha,13,53
2020-04-30,2020-05-06,3.709,2.142,0.765,1.011,7.785,3.306,7.785,7.785,8.933,Wabasha,13,53
2020-05-01,2020-05-07,4.835,2.162,1.57,1.905,8.851,4.516,8.851,8.851,9.903,Wabasha,13,53
2020-05-02,2020-05-08,3.946,1.765,1.281,1.555,7.224,3.686,7.224,7.224,8.082,Wabasha,13,53
2020-05-03,2020-05-09,2.634,1.317,0.718,0.9,5.106,2.418,5.106,5.106,5.774,Wabasha,13,53
2020-05-04,2020-05-10,2.195,1.097,0.598,0.75,4.255,2.015,4.255,4.255,4.811,Wabasha,13,53
2020-05-05,2020-05-11,1.856,0.928,0.506,0.634,3.598,1.704,3.598,3.598,4.068,Wabasha,13,53
2020-05-06,2020-05-12,1.626,0.813,0.443,0.556,3.153,1.493,3.153,3.153,3.565,Wabasha,13,53
2020-03-26,2020-04-01,3.985,1.328,1.822,2.079,6.391,3.838,6.391,6.391,6.979,Winona,71,49
2020-03-27,2020-04-02,2.784,0.984,1.202,1.385,4.575,2.669,4.575,4.575,5.019,Winona,71,49
2020-03-28,2020-04-03,2.203,0.779,0.951,1.096,3.621,2.112,3.621,3.621,3.972,Winona,71,49
2020-03-29,2020-04-04,2.254,0.713,1.081,1.223,3.539,2.179,3.539,3.539,3.85,Winona,71,49
2020-03-30,2020-04-05,2.127,0.641,1.062,1.193,3.279,2.062,3.279,3.279,3.555,Winona,71,49
2020-03-31,2020-04-06,1.721,0.544,0.825,0.934,2.702,1.664,2.702,2.702,2.94,Winona,71,49
2020-04-01,2020-04-07,1.092,0.413,0.439,0.513,1.848,1.041,1.848,1.848,2.038,Winona,71,49
2020-04-02,2020-04-08,1.432,0.453,0.687,0.777,2.249,1.385,2.249,2.249,2.447,Winona,71,49
2020-04-03,2020-04-09,1.343,0.425,0.644,0.728,2.108,1.298,2.108,2.108,2.294,Winona,71,49
2020-04-04,2020-04-10,2.062,0.515,1.178,1.293,2.976,2.019,2.976,2.976,3.188,Winona,71,49
2020-04-05,2020-04-11,1.751,0.468,0.957,1.059,2.585,1.71,2.585,2.585,2.781,Winona,71,49
2020-04-06,2020-04-12,2.046,0.496,1.192,1.304,2.925,2.006,2.925,2.925,3.128,Winona,71,49
2020-04-07,2020-04-13,1.925,0.467,1.122,1.227,2.752,1.888,2.752,2.752,2.943,Winona,71,49
2020-04-08,2020-04-14,1.57,0.405,0.879,0.968,2.291,1.535,2.291,2.291,2.458,Winona,71,49
2020-04-09,2020-04-15,3.159,0.55,2.175,2.312,4.115,3.127,4.115,4.115,4.325,Winona,71,49
2020-04-10,2020-04-16,2.807,0.496,1.92,2.043,3.67,2.778,3.67,3.67,3.859,Winona,71,49
2020-04-11,2020-04-17,2.462,0.442,1.673,1.783,3.232,2.436,3.232,3.232,3.402,Winona,71,49
2020-04-12,2020-04-18,2.23,0.394,1.525,1.624,2.915,2.207,2.915,2.915,3.066,Winona,71,49
2020-04-13,2020-04-19,1.926,0.341,1.318,1.402,2.518,1.906,2.518,2.518,2.649,Winona,71,49
2020-04-14,2020-04-20,1.677,0.296,1.147,1.221,2.192,1.659,2.192,2.192,2.306,Winona,71,49
2020-04-15,2020-04-21,1.488,0.263,1.018,1.084,1.946,1.473,1.946,1.946,2.047,Winona,71,49
2020-04-16,2020-04-22,0.465,0.14,0.232,0.261,0.716,0.451,0.716,0.716,0.777,Winona,71,49
2020-04-17,2020-04-23,0.471,0.136,0.243,0.271,0.714,0.458,0.714,0.714,0.772,Winona,71,49
2020-04-18,2020-04-24,0.339,0.113,0.155,0.177,0.543,0.326,0.543,0.543,0.593,Winona,71,49
2020-04-19,2020-04-25,0.378,0.12,0.181,0.205,0.594,0.366,0.594,0.594,0.646,Winona,71,49
2020-04-20,2020-04-26,0.239,0.097,0.088,0.104,0.418,0.225,0.418,0.418,0.464,Winona,71,49
2020-04-21,2020-04-27,0.26,0.106,0.096,0.113,0.456,0.246,0.456,0.456,0.506,Winona,71,49
2020-04-22,2020-04-28,0.292,0.119,0.107,0.127,0.512,0.276,0.512,0.512,0.568,Winona,71,49
2020-04-23,2020-04-29,0.335,0.137,0.123,0.146,0.587,0.317,0.587,0.587,0.651,Winona,71,49
2020-04-24,2020-04-30,0.325,0.145,0.106,0.128,0.596,0.304,0.596,0.596,0.666,Winona,71,49
2020-04-25,2020-05-01,0.229,0.132,0.047,0.062,0.481,0.204,0.481,0.481,0.552,Winona,71,49
2020-04-26,2020-05-02,0.18,0.127,0.022,0.032,0.426,0.151,0.426,0.426,0.501,Winona,71,49
2020-04-27,2020-05-03,0.211,0.15,0.026,0.038,0.501,0.177,0.501,0.501,0.589,Winona,71,49
2020-04-28,2020-05-04,0.25,0.177,0.03,0.044,0.594,0.21,0.594,0.594,0.697,Winona,71,49
2020-04-29,2020-05-05,0.45,0.26,0.093,0.123,0.943,0.401,0.943,0.943,1.083,Winona,71,49
2020-04-30,2020-05-06,0.545,0.314,0.112,0.148,1.143,0.486,1.143,1.143,1.312,Winona,71,49
2020-05-01,2020-05-07,0.663,0.383,0.137,0.181,1.391,0.591,1.391,1.391,1.596,Winona,71,49
2020-05-02,2020-05-08,0.797,0.46,0.164,0.217,1.673,0.711,1.673,1.673,1.92,Winona,71,49
2020-05-03,2020-05-09,1.247,0.624,0.34,0.426,2.418,1.145,2.418,2.418,2.734,Winona,71,49
2020-05-04,2020-05-10,1.769,0.791,0.574,0.697,3.238,1.652,3.238,3.238,3.623,Winona,71,49
2020-05-05,2020-05-11,1.925,0.861,0.625,0.758,3.524,1.798,3.524,3.524,3.943,Winona,71,49
2020-05-06,2020-05-12,1.586,0.793,0.432,0.542,3.074,1.456,3.074,3.074,3.476,Winona,71,49
2020-04-03,2020-04-09,2.345,1.658,0.284,0.417,5.563,1.968,5.563,5.563,6.533,Adams,4,41
2020-04-04,2020-04-10,1.886,1.333,0.228,0.335,4.473,1.583,4.473,4.473,5.254,Adams,4,41
2020-04-05,2020-04-11,1.596,1.128,0.193,0.284,3.785,1.339,3.785,3.785,4.445,Adams,4,41
2020-04-06,2020-04-12,1.439,1.018,0.174,0.256,3.414,1.208,3.414,3.414,4.01,Adams,4,41
2020-04-07,2020-04-13,1.371,0.97,0.166,0.244,3.253,1.151,3.253,3.253,3.82,Adams,4,41
2020-04-08,2020-04-14,1.357,0.96,0.164,0.241,3.219,1.139,3.219,3.219,3.781,Adams,4,41
2020-04-09,2020-04-15,1.375,0.972,0.167,0.244,3.262,1.154,3.262,3.262,3.831,Adams,4,41
2020-04-10,2020-04-16,1.411,0.997,0.171,0.251,3.346,1.184,3.346,3.346,3.929,Adams,4,41
2020-04-11,2020-04-17,2.18,1.258,0.45,0.594,4.574,1.943,4.574,4.574,5.249,Adams,4,41
2020-04-12,2020-04-18,2.242,1.294,0.462,0.611,4.705,1.998,4.705,4.705,5.399,Adams,4,41
2020-04-13,2020-04-19,2.266,1.308,0.467,0.618,4.755,2.02,4.755,4.755,5.457,Adams,4,41
2020-04-14,2020-04-20,1.472,1.041,0.178,0.261,3.491,1.235,3.491,3.491,4.1,Adams,4,41
2020-04-15,2020-04-21,1.389,0.982,0.168,0.247,3.294,1.165,3.294,3.294,3.869,Adams,4,41
2020-04-16,2020-04-22,1.306,0.924,0.158,0.232,3.098,1.096,3.098,3.098,3.638,Adams,4,41
2020-04-17,2020-04-23,1.259,0.89,0.152,0.224,2.986,1.056,2.986,2.986,3.507,Adams,4,41
2020-04-18,2020-04-24,0.625,0.625,0.016,0.032,1.874,0.434,1.874,1.874,2.307,Adams,4,41
2020-04-19,2020-04-25,0.637,0.637,0.016,0.033,1.908,0.442,1.908,1.908,2.35,Adams,4,41
2020-04-20,2020-04-26,0.667,0.667,0.017,0.034,1.997,0.462,1.997,1.997,2.459,Adams,4,41
2020-04-21,2020-04-27,0.725,0.725,0.018,0.037,2.172,0.503,2.172,2.172,2.675,Adams,4,41
2020-04-22,2020-04-28,0.82,0.82,0.021,0.042,2.458,0.569,2.458,2.458,3.026,Adams,4,41
2020-04-23,2020-04-29,0.96,0.96,0.024,0.049,2.875,0.665,2.875,2.875,3.54,Adams,4,41
2020-04-24,2020-04-30,1.15,1.15,0.029,0.059,3.446,0.797,3.446,3.446,4.244,Adams,4,41
2020-04-25,2020-05-01,1.399,1.399,0.035,0.072,4.191,0.97,4.191,4.191,5.161,Adams,4,41
2020-04-26,2020-05-02,1.709,1.709,0.043,0.088,5.119,1.184,5.119,5.119,6.304,Adams,4,41
2020-04-27,2020-05-03,2.077,2.077,0.053,0.107,6.222,1.44,6.222,6.222,7.661,Adams,4,41
2020-04-28,2020-05-04,2.49,2.49,0.063,0.128,7.459,1.726,7.459,7.459,9.184,Adams,4,41
2020-04-29,2020-05-05,2.924,2.924,0.074,0.15,8.76,2.027,8.76,8.76,10.787,Adams,4,41
2020-04-30,2020-05-06,3.35,3.35,0.085,0.172,10.037,2.322,10.037,10.037,12.359,Adams,4,41
2020-05-01,2020-05-07,3.739,3.739,0.095,0.192,11.202,2.592,11.202,11.202,13.794,Adams,4,41
2020-05-02,2020-05-08,4.071,4.071,0.103,0.209,12.196,2.822,12.196,12.196,15.018,Adams,4,41
2020-05-03,2020-05-09,4.337,4.337,0.11,0.222,12.993,3.006,12.993,12.993,15.999,Adams,4,41
2020-05-04,2020-05-10,4.539,4.539,0.115,0.233,13.599,3.146,13.599,13.599,16.745,Adams,4,41
2020-05-05,2020-05-11,4.687,4.687,0.119,0.24,14.04,3.249,14.04,14.04,17.289,Adams,4,41
2020-05-06,2020-05-12,4.791,4.791,0.121,0.246,14.352,3.321,14.352,14.352,17.672,Adams,4,41
2020-04-01,2020-04-07,1.845,1.305,0.223,0.328,4.377,1.549,4.377,4.377,5.141,Buffalo,5,43
2020-04-02,2020-04-08,1.516,1.072,0.184,0.269,3.595,1.272,3.595,3.595,4.223,Buffalo,5,43
2020-04-03,2020-04-09,0.663,0.663,0.017,0.034,1.987,0.46,1.987,1.987,2.447,Buffalo,5,43
2020-04-04,2020-04-10,0.619,0.619,0.016,0.032,1.854,0.429,1.854,1.854,2.283,Buffalo,5,43
2020-04-05,2020-04-11,1.228,0.869,0.149,0.218,2.914,1.031,2.914,2.914,3.422,Buffalo,5,43
2020-04-06,2020-04-12,1.296,0.916,0.157,0.23,3.073,1.087,3.073,3.073,3.61,Buffalo,5,43
2020-04-07,2020-04-13,1.423,1.006,0.172,0.253,3.375,1.194,3.375,3.375,3.964,Buffalo,5,43
2020-04-08,2020-04-14,2.354,1.359,0.485,0.642,4.939,2.098,4.939,4.939,5.668,Buffalo,5,43
2020-04-09,2020-04-15,2.537,1.465,0.523,0.691,5.324,2.261,5.324,5.324,6.109,Buffalo,5,43
2020-04-10,2020-04-16,2.609,1.506,0.538,0.711,5.476,2.326,5.476,5.476,6.284,Buffalo,5,43
2020-04-11,2020-04-17,2.519,1.454,0.519,0.687,5.286,2.245,5.286,5.286,6.066,Buffalo,5,43
2020-04-12,2020-04-18,1.546,1.093,0.187,0.275,3.666,1.297,3.666,3.666,4.306,Buffalo,5,43
2020-04-13,2020-04-19,1.399,0.989,0.169,0.249,3.318,1.174,3.318,3.318,3.897,Buffalo,5,43
2020-04-14,2020-04-20,1.286,0.909,0.156,0.228,3.049,1.079,3.049,3.049,3.581,Buffalo,5,43
2020-04-15,2020-04-21,0.613,0.613,0.016,0.031,1.838,0.425,1.838,1.838,2.263,Buffalo,5,43
2020-04-16,2020-04-22,0.608,0.608,0.015,0.031,1.823,0.422,1.823,1.823,2.245,Buffalo,5,43
2020-04-17,2020-04-23,0.628,0.628,0.016,0.032,1.881,0.435,1.881,1.881,2.316,Buffalo,5,43
2020-04-18,2020-04-24,0.678,0.678,0.017,0.035,2.032,0.47,2.032,2.032,2.502,Buffalo,5,43
2020-04-19,2020-04-25,0.766,0.766,0.019,0.039,2.295,0.531,2.295,2.295,2.826,Buffalo,5,43
2020-04-20,2020-04-26,0.897,0.897,0.023,0.046,2.688,0.622,2.688,2.688,3.309,Buffalo,5,43
2020-04-21,2020-04-27,1.078,1.078,0.027,0.055,3.23,0.747,3.23,3.23,3.978,Buffalo,5,43
2020-04-22,2020-04-28,1.317,1.317,0.033,0.068,3.945,0.913,3.945,3.945,4.857,Buffalo,5,43
2020-04-23,2020-04-29,1.617,1.617,0.041,0.083,4.844,1.121,4.844,4.844,5.965,Buffalo,5,43
2020-04-24,2020-04-30,1.978,1.978,0.05,0.101,5.925,1.371,5.925,5.925,7.295,Buffalo,5,43
2020-04-25,2020-05-01,2.388,2.388,0.06,0.122,7.153,1.655,7.153,7.153,8.808,Buffalo,5,43
2020-04-26,2020-05-02,2.825,2.825,0.072,0.145,8.463,1.958,8.463,8.463,10.421,Buffalo,5,43
2020-04-27,2020-05-03,3.26,3.26,0.083,0.167,9.766,2.26,9.766,9.766,12.026,Buffalo,5,43
2020-04-28,2020-05-04,7.325,5.179,0.887,1.301,17.374,6.147,17.374,17.374,20.406,Buffalo,5,43
2020-04-29,2020-05-05,7.978,5.642,0.966,1.418,18.924,6.695,18.924,18.924,22.226,Buffalo,5,43
2020-04-30,2020-05-06,7.862,5.56,0.952,1.397,18.649,6.598,18.649,18.649,21.903,Buffalo,5,43
2020-05-01,2020-05-07,6.538,4.623,0.792,1.162,15.507,5.486,15.507,15.507,18.213,Buffalo,5,43
2020-05-02,2020-05-08,4.973,3.517,0.602,0.884,11.796,4.173,11.796,11.796,13.854,Buffalo,5,43
2020-05-03,2020-05-09,3.814,2.697,0.462,0.678,9.046,3.201,9.046,9.046,10.625,Buffalo,5,43
2020-05-04,2020-05-10,3.064,2.166,0.371,0.544,7.267,2.571,7.267,7.267,8.535,Buffalo,5,43
2020-05-05,2020-05-11,1.294,1.294,0.033,0.066,3.876,0.897,3.876,3.876,4.773,Buffalo,5,43
2020-05-06,2020-05-12,1.142,1.142,0.029,0.059,3.422,0.792,3.422,3.422,4.214,Buffalo,5,43
2020-04-02,2020-04-08,2.345,1.658,0.284,0.417,5.563,1.968,5.563,5.563,6.533,Crawford,17,42
2020-04-03,2020-04-09,1.886,1.333,0.228,0.335,4.473,1.583,4.473,4.473,5.254,Crawford,17,42
2020-04-04,2020-04-10,2.393,1.382,0.494,0.652,5.023,2.133,5.023,5.023,5.764,Crawford,17,42
2020-04-05,2020-04-11,2.157,1.245,0.445,0.588,4.527,1.923,4.527,4.527,5.195,Crawford,17,42
2020-04-06,2020-04-12,1.352,0.956,0.164,0.24,3.206,1.134,3.206,3.206,3.765,Crawford,17,42
2020-04-07,2020-04-13,1.285,0.909,0.156,0.228,3.048,1.078,3.048,3.048,3.58,Crawford,17,42
2020-04-08,2020-04-14,1.234,0.873,0.149,0.219,2.927,1.036,2.927,2.927,3.438,Crawford,17,42
2020-04-09,2020-04-15,1.213,0.858,0.147,0.216,2.877,1.018,2.877,2.877,3.379,Crawford,17,42
2020-04-10,2020-04-16,1.223,0.865,0.148,0.217,2.901,1.026,2.901,2.901,3.407,Crawford,17,42
2020-04-11,2020-04-17,0.629,0.629,0.016,0.032,1.883,0.436,1.883,1.883,2.319,Crawford,17,42
2020-04-12,2020-04-18,0.654,0.654,0.017,0.034,1.959,0.453,1.959,1.959,2.413,Crawford,17,42
2020-04-13,2020-04-19,0.692,0.692,0.018,0.036,2.074,0.48,2.074,2.074,2.553,Crawford,17,42
2020-04-14,2020-04-20,0.756,0.756,0.019,0.039,2.265,0.524,2.265,2.265,2.79,Crawford,17,42
2020-04-15,2020-04-21,0.857,0.857,0.022,0.044,2.566,0.594,2.566,2.566,3.16,Crawford,17,42
2020-04-16,2020-04-22,1.001,1.001,0.025,0.051,2.999,0.694,2.999,2.999,3.693,Crawford,17,42
2020-04-17,2020-04-23,1.198,1.198,0.03,0.061,3.588,0.83,3.588,3.588,4.418,Crawford,17,42
2020-04-18,2020-04-24,1.452,1.452,0.037,0.074,4.35,1.006,4.35,4.35,5.356,Crawford,17,42
2020-04-19,2020-04-25,1.767,1.767,0.045,0.091,5.294,1.225,5.294,5.294,6.519,Crawford,17,42
2020-04-20,2020-04-26,2.139,2.139,0.054,0.11,6.407,1.482,6.407,6.407,7.89,Crawford,17,42
2020-04-21,2020-04-27,2.552,2.552,0.065,0.131,7.646,1.769,7.646,7.646,9.416,Crawford,17,42
2020-04-22,2020-04-28,2.984,2.984,0.076,0.153,8.939,2.068,8.939,8.939,11.008,Crawford,17,42
2020-04-23,2020-04-29,3.404,3.404,0.086,0.175,10.197,2.359,10.197,10.197,12.557,Crawford,17,42
2020-04-24,2020-04-30,3.784,3.784,0.096,0.194,11.337,2.623,11.337,11.337,13.96,Crawford,17,42
2020-04-25,2020-05-01,4.107,4.107,0.104,0.211,12.303,2.847,12.303,12.303,15.149,Crawford,17,42
2020-04-26,2020-05-02,8.728,6.171,1.057,1.551,20.701,7.324,20.701,20.701,24.314,Crawford,17,42
2020-04-27,2020-05-03,13.597,7.85,2.804,3.706,28.535,12.12,28.535,28.535,32.745,Crawford,17,42
2020-04-28,2020-05-04,16.999,8.499,4.632,5.806,32.951,15.605,32.951,32.951,37.258,Crawford,17,42
2020-04-29,2020-05-05,15.881,7.102,5.156,6.257,29.073,14.835,29.073,29.073,32.528,Crawford,17,42
2020-04-30,2020-05-06,10.007,4.475,3.249,3.943,18.321,9.349,18.321,18.321,20.498,Crawford,17,42
2020-05-01,2020-05-07,17.254,4.611,9.433,10.431,25.473,16.845,25.473,25.473,27.398,Crawford,17,42
2020-05-02,2020-05-08,11.228,3.001,6.138,6.788,16.576,10.962,16.576,16.576,17.829,Crawford,17,42
2020-05-03,2020-05-09,7.325,1.958,4.005,4.429,10.815,7.152,10.815,10.815,11.632,Crawford,17,42
2020-05-04,2020-05-10,4.39,1.218,2.338,2.597,6.566,4.278,6.566,6.566,7.079,Crawford,17,42
2020-05-05,2020-05-11,2.766,0.799,1.429,1.596,4.197,2.69,4.197,4.197,4.537,Crawford,17,42
2020-05-06,2020-05-12,1.883,0.568,0.94,1.056,2.904,1.826,2.904,2.904,3.148,Crawford,17,42
2020-03-26,2020-04-01,2.597,1.836,0.315,0.461,6.16,2.179,6.16,6.16,7.235,Grant,69,49
2020-03-27,2020-04-02,2.237,1.582,0.271,0.397,5.306,1.877,5.306,5.306,6.231,Grant,69,49
2020-03-28,2020-04-03,1.956,1.383,0.237,0.348,4.64,1.641,4.64,4.64,5.449,Grant,69,49
2020-03-29,2020-04-04,1.769,1.251,0.214,0.314,4.196,1.485,4.196,4.196,4.929,Grant,69,49
2020-03-30,2020-04-05,1.66,1.174,0.201,0.295,3.938,1.393,3.938,3.938,4.626,Grant,69,49
2020-03-31,2020-04-06,2.407,1.39,0.496,0.656,5.052,2.146,5.052,5.052,5.798,Grant,69,49
2020-04-01,2020-04-07,1.581,1.118,0.192,0.281,3.751,1.327,3.751,3.751,4.406,Grant,69,49
2020-04-02,2020-04-08,1.556,1.1,0.188,0.276,3.691,1.306,3.691,3.691,4.335,Grant,69,49
2020-04-03,2020-04-09,2.27,1.311,0.468,0.619,4.764,2.023,4.764,4.764,5.467,Grant,69,49
2020-04-04,2020-04-10,2.216,1.279,0.457,0.604,4.65,1.975,4.65,4.65,5.336,Grant,69,49
2020-04-05,2020-04-11,2.883,1.442,0.786,0.985,5.589,2.647,5.589,5.589,6.32,Grant,69,49
2020-04-06,2020-04-12,3.457,1.546,1.122,1.362,6.329,3.229,6.329,6.329,7.081,Grant,69,49
2020-04-07,2020-04-13,2.574,1.287,0.701,0.879,4.989,2.363,4.989,4.989,5.641,Grant,69,49
2020-04-08,2020-04-14,3.449,1.408,1.266,1.502,6.043,3.259,6.043,6.043,6.707,Grant,69,49
2020-04-09,2020-04-15,3.006,1.227,1.103,1.309,5.266,2.84,5.266,5.266,5.845,Grant,69,49
2020-04-10,2020-04-16,3.037,1.148,1.221,1.425,5.138,2.894,5.138,5.138,5.666,Grant,69,49
2020-04-11,2020-04-17,3.741,1.183,1.794,2.03,5.876,3.617,5.876,5.876,6.392,Grant,69,49
2020-04-12,2020-04-18,3.547,1.069,1.77,1.989,5.469,3.44,5.469,5.469,5.929,Grant,69,49
2020-04-13,2020-04-19,3.58,0.993,1.906,2.118,5.354,3.489,5.354,5.354,5.773,Grant,69,49
2020-04-14,2020-04-20,4.167,0.982,2.47,2.693,5.903,4.09,5.903,5.903,6.301,Grant,69,49
2020-04-15,2020-04-21,3.083,0.771,1.762,1.934,4.451,3.019,4.451,4.451,4.767,Grant,69,49
2020-04-16,2020-04-22,2.86,0.674,1.695,1.848,4.051,2.807,4.051,4.051,4.324,Grant,69,49
2020-04-17,2020-04-23,2.228,0.54,1.298,1.42,3.185,2.185,3.185,3.185,3.405,Grant,69,49
2020-04-18,2020-04-24,1.652,0.427,0.925,1.018,2.411,1.616,2.411,2.411,2.587,Grant,69,49
2020-04-19,2020-04-25,1.332,0.356,0.728,0.805,1.966,1.3,1.966,1.966,2.114,Grant,69,49
2020-04-20,2020-04-26,1.104,0.306,0.588,0.653,1.65,1.075,1.65,1.65,1.779,Grant,69,49
2020-04-21,2020-04-27,0.706,0.235,0.323,0.369,1.133,0.68,1.133,1.133,1.237,Grant,69,49
2020-04-22,2020-04-28,0.75,0.237,0.36,0.407,1.178,0.725,1.178,1.178,1.282,Grant,69,49
2020-04-23,2020-04-29,0.814,0.245,0.406,0.456,1.255,0.789,1.255,1.255,1.361,Grant,69,49
2020-04-24,2020-04-30,0.902,0.26,0.466,0.521,1.369,0.877,1.369,1.369,1.48,Grant,69,49
2020-04-25,2020-05-01,1.169,0.302,0.654,0.721,1.705,1.143,1.705,1.705,1.83,Grant,69,49
2020-04-26,2020-05-02,1.3,0.325,0.743,0.815,1.876,1.273,1.876,1.876,2.009,Grant,69,49
2020-04-27,2020-05-03,1.593,0.366,0.959,1.043,2.238,1.565,2.238,2.238,2.386,Grant,69,49
2020-04-28,2020-05-04,1.524,0.359,0.903,0.985,2.159,1.496,2.159,2.159,2.304,Grant,69,49
2020-04-29,2020-05-05,1.994,0.407,1.278,1.375,2.707,1.966,2.707,2.707,2.867,Grant,69,49
2020-04-30,2020-05-06,2.067,0.405,1.35,1.448,2.776,2.041,2.776,2.776,2.934,Grant,69,49
2020-05-01,2020-05-07,2.236,0.408,1.509,1.61,2.948,2.212,2.948,2.948,3.105,Grant,69,49
2020-05-02,2020-05-08,1.782,0.349,1.164,1.249,2.393,1.759,2.393,2.393,2.529,Grant,69,49
2020-05-03,2020-05-09,1.551,0.31,1.004,1.078,2.094,1.53,2.094,2.094,2.215,Grant,69,49
2020-05-04,2020-05-10,1.175,0.257,0.728,0.788,1.627,1.157,1.627,1.627,1.729,Grant,69,49
2020-05-05,2020-05-11,1.075,0.235,0.665,0.72,1.487,1.058,1.487,1.487,1.581,Grant,69,49
2020-05-06,2020-05-12,0.719,0.186,0.402,0.443,1.049,0.703,1.049,1.049,1.125,Grant,69,49
2020-03-31,2020-04-06,2.24,1.294,0.462,0.611,4.702,1.997,4.702,4.702,5.396,Jackson,14,44
2020-04-01,2020-04-07,1.913,1.104,0.395,0.521,4.015,1.705,4.015,4.015,4.607,Jackson,14,44
2020-04-02,2020-04-08,1.683,0.972,0.347,0.459,3.532,1.5,3.532,3.532,4.054,Jackson,14,44
2020-04-03,2020-04-09,3.066,1.252,1.125,1.335,5.371,2.897,5.371,5.371,5.962,Jackson,14,44
2020-04-04,2020-04-10,4.315,1.438,1.973,2.251,6.921,4.156,6.921,6.921,7.558,Jackson,14,44
2020-04-05,2020-04-11,4.039,1.346,1.847,2.107,6.478,3.89,6.478,6.478,7.074,Jackson,14,44
2020-04-06,2020-04-12,3.174,1.122,1.37,1.579,5.217,3.043,5.217,5.217,5.723,Jackson,14,44
2020-04-07,2020-04-13,2.303,0.871,0.926,1.081,3.897,2.195,3.897,3.897,4.297,Jackson,14,44
2020-04-08,2020-04-14,1.883,0.712,0.757,0.884,3.186,1.794,3.186,3.186,3.513,Jackson,14,44
2020-04-09,2020-04-15,1.587,0.6,0.638,0.745,2.685,1.512,2.685,2.685,2.961,Jackson,14,44
2020-04-10,2020-04-16,1,0.447,0.325,0.394,1.83,0.934,1.83,1.83,2.048,Jackson,14,44
2020-04-11,2020-04-17,0.367,0.26,0.044,0.065,0.871,0.308,0.871,0.871,1.023,Jackson,14,44
2020-04-12,2020-04-18,0.35,0.248,0.042,0.062,0.831,0.294,0.831,0.831,0.976,Jackson,14,44
2020-04-13,2020-04-19,0.524,0.303,0.108,0.143,1.1,0.467,1.1,1.1,1.262,Jackson,14,44
2020-04-14,2020-04-20,0.55,0.318,0.113,0.15,1.155,0.49,1.155,1.155,1.325,Jackson,14,44
2020-04-15,2020-04-21,0.603,0.348,0.124,0.164,1.265,0.537,1.265,1.265,1.452,Jackson,14,44
2020-04-16,2020-04-22,0.677,0.391,0.14,0.185,1.421,0.604,1.421,1.421,1.631,Jackson,14,44
2020-04-17,2020-04-23,0.511,0.361,0.062,0.091,1.212,0.429,1.212,1.212,1.424,Jackson,14,44
2020-04-18,2020-04-24,0.577,0.408,0.07,0.102,1.368,0.484,1.368,1.368,1.606,Jackson,14,44
2020-04-19,2020-04-25,0.646,0.457,0.078,0.115,1.533,0.542,1.533,1.533,1.8,Jackson,14,44
2020-04-20,2020-04-26,0.362,0.362,0.009,0.019,1.084,0.251,1.084,1.084,1.335,Jackson,14,44
2020-04-21,2020-04-27,0.407,0.407,0.01,0.021,1.218,0.282,1.218,1.218,1.5,Jackson,14,44
2020-04-22,2020-04-28,0.461,0.461,0.012,0.024,1.381,0.319,1.381,1.381,1.7,Jackson,14,44
2020-04-23,2020-04-29,0.533,0.533,0.013,0.027,1.597,0.37,1.597,1.597,1.967,Jackson,14,44
2020-04-24,2020-04-30,0.633,0.633,0.016,0.032,1.895,0.438,1.895,1.895,2.334,Jackson,14,44
2020-04-25,2020-05-01,0.768,0.768,0.019,0.039,2.302,0.533,2.302,2.302,2.834,Jackson,14,44
2020-04-26,2020-05-02,0.95,0.95,0.024,0.049,2.845,0.658,2.845,2.845,3.504,Jackson,14,44
2020-04-27,2020-05-03,1.186,1.186,0.03,0.061,3.554,0.822,3.554,3.554,4.376,Jackson,14,44
2020-04-28,2020-05-04,1.485,1.485,0.038,0.076,4.448,1.029,4.448,4.448,5.478,Jackson,14,44
2020-04-29,2020-05-05,1.846,1.846,0.047,0.095,5.531,1.28,5.531,5.531,6.81,Jackson,14,44
2020-04-30,2020-05-06,2.261,2.261,0.057,0.116,6.774,1.567,6.774,6.774,8.342,Jackson,14,44
2020-05-01,2020-05-07,2.709,2.709,0.069,0.139,8.116,1.878,8.116,8.116,9.994,Jackson,14,44
2020-05-02,2020-05-08,3.16,3.16,0.08,0.162,9.466,2.19,9.466,9.466,11.657,Jackson,14,44
2020-05-03,2020-05-09,3.581,3.581,0.091,0.184,10.728,2.482,10.728,10.728,13.21,Jackson,14,44
2020-05-04,2020-05-10,11.841,6.836,2.442,3.227,24.849,10.554,24.849,24.849,28.515,Jackson,14,44
2020-05-05,2020-05-11,12.598,7.274,2.598,3.434,26.439,11.23,26.439,26.439,30.34,Jackson,14,44
2020-05-06,2020-05-12,11.274,6.509,2.325,3.073,23.659,10.049,23.659,23.659,27.149,Jackson,14,44
2020-03-27,2020-04-02,2.848,1.424,0.776,0.973,5.521,2.615,5.521,5.521,6.242,Juneau,21,48
2020-03-28,2020-04-03,1.687,0.974,0.348,0.46,3.541,1.504,3.541,3.541,4.064,Juneau,21,48
2020-03-29,2020-04-04,1.401,0.809,0.289,0.382,2.939,1.248,2.939,2.939,3.373,Juneau,21,48
2020-03-30,2020-04-05,1.231,0.71,0.254,0.335,2.582,1.097,2.582,2.582,2.964,Juneau,21,48
2020-03-31,2020-04-06,1.144,0.661,0.236,0.312,2.402,1.02,2.402,2.402,2.756,Juneau,21,48
2020-04-01,2020-04-07,1.113,0.643,0.23,0.303,2.336,0.992,2.336,2.336,2.68,Juneau,21,48
2020-04-02,2020-04-08,0.744,0.526,0.09,0.132,1.764,0.624,1.764,1.764,2.071,Juneau,21,48
2020-04-03,2020-04-09,0.759,0.537,0.092,0.135,1.8,0.637,1.8,1.8,2.114,Juneau,21,48
2020-04-04,2020-04-10,0.786,0.556,0.095,0.14,1.865,0.66,1.865,1.865,2.191,Juneau,21,48
2020-04-05,2020-04-11,0.831,0.588,0.101,0.148,1.972,0.698,1.972,1.972,2.316,Juneau,21,48
2020-04-06,2020-04-12,0.895,0.633,0.108,0.159,2.124,0.751,2.124,2.124,2.495,Juneau,21,48
2020-04-07,2020-04-13,1.464,0.845,0.302,0.399,3.072,1.305,3.072,3.072,3.526,Juneau,21,48
2020-04-08,2020-04-14,1.601,0.925,0.33,0.436,3.361,1.427,3.361,3.361,3.856,Juneau,21,48
2020-04-09,2020-04-15,1.727,0.997,0.356,0.471,3.625,1.54,3.625,3.625,4.16,Juneau,21,48
2020-04-10,2020-04-16,1.798,1.038,0.371,0.49,3.773,1.602,3.773,3.773,4.33,Juneau,21,48
2020-04-11,2020-04-17,1.798,1.038,0.371,0.49,3.774,1.603,3.774,3.774,4.33,Juneau,21,48
2020-04-12,2020-04-18,3.497,1.428,1.283,1.523,6.128,3.305,6.128,6.128,6.801,Juneau,21,48
2020-04-13,2020-04-19,2.791,1.248,0.906,1.1,5.109,2.607,5.109,5.109,5.716,Juneau,21,48
2020-04-14,2020-04-20,2.073,1.037,0.565,0.708,4.019,1.903,4.019,4.019,4.544,Juneau,21,48
2020-04-15,2020-04-21,1.843,0.922,0.502,0.63,3.573,1.692,3.573,3.573,4.04,Juneau,21,48
2020-04-16,2020-04-22,2.03,0.908,0.659,0.8,3.717,1.896,3.717,3.717,4.158,Juneau,21,48
2020-04-17,2020-04-23,1.83,0.819,0.594,0.721,3.351,1.71,3.351,3.351,3.749,Juneau,21,48
2020-04-18,2020-04-24,1.692,0.756,0.549,0.667,3.097,1.58,3.097,3.097,3.465,Juneau,21,48
2020-04-19,2020-04-25,0.95,0.549,0.196,0.259,1.994,0.847,1.994,1.994,2.289,Juneau,21,48
2020-04-20,2020-04-26,0.898,0.518,0.185,0.245,1.884,0.8,1.884,1.884,2.162,Juneau,21,48
2020-04-21,2020-04-27,1.151,0.576,0.314,0.393,2.232,1.057,2.232,2.232,2.523,Juneau,21,48
2020-04-22,2020-04-28,1.142,0.571,0.311,0.39,2.213,1.048,2.213,2.213,2.503,Juneau,21,48
2020-04-23,2020-04-29,1.161,0.581,0.316,0.397,2.251,1.066,2.251,2.251,2.545,Juneau,21,48
2020-04-24,2020-04-30,2.085,0.788,0.838,0.979,3.527,1.987,3.527,3.527,3.89,Juneau,21,48
2020-04-25,2020-05-01,2.132,0.806,0.857,1.001,3.607,2.032,3.607,3.607,3.978,Juneau,21,48
2020-04-26,2020-05-02,2.129,0.805,0.856,0.999,3.602,2.029,3.602,3.602,3.972,Juneau,21,48
2020-04-27,2020-05-03,2.033,0.768,0.817,0.954,3.44,1.937,3.44,3.44,3.793,Juneau,21,48
2020-04-28,2020-05-04,1.605,0.655,0.589,0.699,2.812,1.517,2.812,2.812,3.121,Juneau,21,48
2020-04-29,2020-05-05,1.459,0.595,0.535,0.635,2.556,1.378,2.556,2.556,2.837,Juneau,21,48
2020-04-30,2020-05-06,1.336,0.546,0.49,0.582,2.342,1.263,2.342,2.342,2.599,Juneau,21,48
2020-05-01,2020-05-07,0.834,0.417,0.227,0.285,1.616,0.765,1.616,1.616,1.827,Juneau,21,48
2020-05-02,2020-05-08,0.998,0.446,0.324,0.393,1.826,0.932,1.826,1.826,2.044,Juneau,21,48
2020-05-03,2020-05-09,0.783,0.392,0.213,0.268,1.518,0.719,1.518,1.518,1.717,Juneau,21,48
2020-05-04,2020-05-10,0.788,0.394,0.215,0.269,1.528,0.724,1.528,1.528,1.728,Juneau,21,48
2020-05-05,2020-05-11,0.809,0.405,0.221,0.276,1.569,0.743,1.569,1.569,1.774,Juneau,21,48
2020-05-06,2020-05-12,0.844,0.422,0.23,0.288,1.637,0.775,1.637,1.637,1.851,Juneau,21,48
2020-03-19,2020-03-25,3.721,1.24,1.701,1.941,5.968,3.584,5.968,5.968,6.517,La Crosse,34,56
2020-03-20,2020-03-26,2.995,0.998,1.37,1.563,4.804,2.885,4.804,4.804,5.246,La Crosse,34,56
2020-03-21,2020-03-27,3.074,0.927,1.535,1.724,4.74,2.981,4.74,4.74,5.139,La Crosse,34,56
2020-03-22,2020-03-28,2.621,0.79,1.309,1.47,4.042,2.542,4.042,4.042,4.382,La Crosse,34,56
2020-03-23,2020-03-29,2.25,0.679,1.123,1.262,3.47,2.183,3.47,3.47,3.762,La Crosse,34,56
2020-03-24,2020-03-30,2.122,0.612,1.096,1.224,3.219,2.063,3.219,3.219,3.48,La Crosse,34,56
2020-03-25,2020-03-31,2.324,0.6,1.301,1.433,3.391,2.272,3.391,3.391,3.639,La Crosse,34,56
2020-03-26,2020-04-01,1.381,0.437,0.662,0.749,2.169,1.335,2.169,2.169,2.359,La Crosse,34,56
2020-03-27,2020-04-02,0.995,0.352,0.43,0.495,1.636,0.954,1.636,1.636,1.794,La Crosse,34,56
2020-03-28,2020-04-03,0.682,0.278,0.25,0.297,1.195,0.644,1.195,1.195,1.326,La Crosse,34,56
2020-03-29,2020-04-04,0.535,0.239,0.174,0.211,0.98,0.5,0.98,0.98,1.096,La Crosse,34,56
2020-03-30,2020-04-05,0.735,0.278,0.295,0.345,1.243,0.7,1.243,1.243,1.371,La Crosse,34,56
2020-03-31,2020-04-06,0.751,0.284,0.302,0.352,1.27,0.715,1.27,1.27,1.4,La Crosse,34,56
2020-04-01,2020-04-07,0.452,0.226,0.123,0.154,0.876,0.415,0.876,0.876,0.991,La Crosse,34,56
2020-04-02,2020-04-08,0.483,0.241,0.132,0.165,0.936,0.443,0.936,0.936,1.059,La Crosse,34,56
2020-04-03,2020-04-09,0.65,0.291,0.211,0.256,1.19,0.607,1.19,1.19,1.332,La Crosse,34,56
2020-04-04,2020-04-10,0.991,0.375,0.398,0.465,1.676,0.944,1.676,1.676,1.849,La Crosse,34,56
2020-04-05,2020-04-11,1.088,0.411,0.437,0.51,1.84,1.036,1.84,1.84,2.029,La Crosse,34,56
2020-04-06,2020-04-12,0.846,0.378,0.275,0.333,1.549,0.791,1.549,1.549,1.733,La Crosse,34,56
2020-04-07,2020-04-13,0.719,0.359,0.196,0.246,1.394,0.66,1.394,1.394,1.576,La Crosse,34,56
2020-04-08,2020-04-14,0.745,0.372,0.203,0.254,1.444,0.684,1.444,1.444,1.633,La Crosse,34,56
2020-04-09,2020-04-15,0.767,0.384,0.209,0.262,1.487,0.704,1.487,1.487,1.681,La Crosse,34,56
2020-04-10,2020-04-16,0.598,0.345,0.123,0.163,1.254,0.533,1.254,1.254,1.44,La Crosse,34,56
2020-04-11,2020-04-17,0.209,0.209,0.005,0.011,0.628,0.145,0.628,0.628,0.773,La Crosse,34,56
2020-04-12,2020-04-18,0.223,0.223,0.006,0.011,0.668,0.155,0.668,0.668,0.823,La Crosse,34,56
2020-04-13,2020-04-19,0.243,0.243,0.006,0.012,0.728,0.168,0.728,0.728,0.896,La Crosse,34,56
2020-04-14,2020-04-20,0.274,0.274,0.007,0.014,0.821,0.19,0.821,0.821,1.011,La Crosse,34,56
2020-04-15,2020-04-21,0.321,0.321,0.008,0.016,0.962,0.223,0.962,0.962,1.185,La Crosse,34,56
2020-04-16,2020-04-22,0.39,0.39,0.01,0.02,1.167,0.27,1.167,1.167,1.437,La Crosse,34,56
2020-04-17,2020-04-23,0.486,0.486,0.012,0.025,1.457,0.337,1.457,1.457,1.794,La Crosse,34,56
2020-04-18,2020-04-24,0.62,0.62,0.016,0.032,1.858,0.43,1.858,1.858,2.287,La Crosse,34,56
2020-04-19,2020-04-25,1.603,1.133,0.194,0.285,3.801,1.345,3.801,3.801,4.464,La Crosse,34,56
2020-04-20,2020-04-26,2.079,1.47,0.252,0.369,4.932,1.745,4.932,4.932,5.792,La Crosse,34,56
2020-04-21,2020-04-27,2.621,1.853,0.317,0.466,6.217,2.2,6.217,6.217,7.302,La Crosse,34,56
2020-04-22,2020-04-28,4.521,2.61,0.932,1.232,9.488,4.03,9.488,9.488,10.888,La Crosse,34,56
2020-04-23,2020-04-29,4.607,2.66,0.95,1.256,9.668,4.106,9.668,9.668,11.094,La Crosse,34,56
2020-04-24,2020-04-30,5.593,2.797,1.524,1.911,10.842,5.135,10.842,10.842,12.26,La Crosse,34,56
2020-04-25,2020-05-01,4.692,2.346,1.278,1.603,9.094,4.307,9.094,9.094,10.283,La Crosse,34,56
2020-04-26,2020-05-02,3.779,1.889,1.03,1.291,7.325,3.469,7.325,7.325,8.283,La Crosse,34,56
2020-04-27,2020-05-03,3.016,1.508,0.822,1.03,5.846,2.768,5.846,5.846,6.61,La Crosse,34,56
2020-04-28,2020-05-04,3.683,1.503,1.351,1.604,6.453,3.48,6.453,6.453,7.162,La Crosse,34,56
2020-04-29,2020-05-05,3.099,1.265,1.137,1.35,5.43,2.929,5.43,5.43,6.027,La Crosse,34,56
2020-04-30,2020-05-06,2.66,1.086,0.976,1.159,4.661,2.514,4.661,4.661,5.173,La Crosse,34,56
2020-05-01,2020-05-07,1.908,0.853,0.62,0.752,3.493,1.782,3.493,3.493,3.908,La Crosse,34,56
2020-05-02,2020-05-08,1.654,0.74,0.537,0.652,3.029,1.545,3.029,3.029,3.389,La Crosse,34,56
2020-05-03,2020-05-09,1.173,0.587,0.32,0.401,2.274,1.077,2.274,2.274,2.571,La Crosse,34,56
2020-05-04,2020-05-10,1.074,0.537,0.293,0.367,2.082,0.986,2.082,2.082,2.354,La Crosse,34,56
2020-05-05,2020-05-11,0.509,0.36,0.062,0.09,1.207,0.427,1.207,1.207,1.417,La Crosse,34,56
2020-05-06,2020-05-12,0.748,0.432,0.154,0.204,1.57,0.667,1.57,1.57,1.801,La Crosse,34,56
2020-03-31,2020-04-06,0.748,0.748,0.019,0.038,2.239,0.518,2.239,2.239,2.758,Marquette,3,44
2020-04-01,2020-04-07,0.647,0.647,0.016,0.033,1.938,0.448,1.938,1.938,2.387,Marquette,3,44
2020-04-02,2020-04-08,0.596,0.596,0.015,0.031,1.786,0.413,1.786,1.786,2.2,Marquette,3,44
2020-04-03,2020-04-09,0.593,0.593,0.015,0.03,1.777,0.411,1.777,1.777,2.188,Marquette,3,44
2020-04-04,2020-04-10,0.633,0.633,0.016,0.032,1.897,0.439,1.897,1.897,2.336,Marquette,3,44
2020-04-05,2020-04-11,0.715,0.715,0.018,0.037,2.141,0.495,2.141,2.141,2.637,Marquette,3,44
2020-04-06,2020-04-12,0.841,0.841,0.021,0.043,2.519,0.583,2.519,2.519,3.102,Marquette,3,44
2020-04-07,2020-04-13,1.018,1.018,0.026,0.052,3.05,0.706,3.05,3.05,3.755,Marquette,3,44
2020-04-08,2020-04-14,1.253,1.253,0.032,0.064,3.754,0.868,3.754,3.754,4.622,Marquette,3,44
2020-04-09,2020-04-15,3.103,2.194,0.376,0.551,7.359,2.604,7.359,7.359,8.643,Marquette,3,44
2020-04-10,2020-04-16,3.816,2.698,0.462,0.678,9.05,3.202,9.05,9.05,10.629,Marquette,3,44
2020-04-11,2020-04-17,4.432,3.134,0.537,0.788,10.513,3.72,10.513,10.513,12.348,Marquette,3,44
2020-04-12,2020-04-18,4.495,3.178,0.544,0.799,10.661,3.772,10.661,10.661,12.522,Marquette,3,44
2020-04-13,2020-04-19,4.009,2.835,0.486,0.712,9.51,3.365,9.51,9.51,11.17,Marquette,3,44
2020-04-14,2020-04-20,3.386,2.394,0.41,0.602,8.031,2.841,8.031,8.031,9.433,Marquette,3,44
2020-04-15,2020-04-21,2.867,2.027,0.347,0.509,6.8,2.406,6.8,6.8,7.986,Marquette,3,44
2020-04-16,2020-04-22,1.245,1.245,0.032,0.064,3.731,0.863,3.731,3.731,4.594,Marquette,3,44
2020-04-17,2020-04-23,1.117,1.117,0.028,0.057,3.346,0.774,3.346,3.346,4.12,Marquette,3,44
2020-04-18,2020-04-24,1.049,1.049,0.027,0.054,3.142,0.727,3.142,3.142,3.87,Marquette,3,44
2020-04-19,2020-04-25,1.05,1.05,0.027,0.054,3.145,0.728,3.145,3.145,3.873,Marquette,3,44
2020-04-20,2020-04-26,1.116,1.116,0.028,0.057,3.344,0.774,3.344,3.344,4.118,Marquette,3,44
2020-04-21,2020-04-27,1.245,1.245,0.032,0.064,3.728,0.863,3.728,3.728,4.591,Marquette,3,44
2020-04-22,2020-04-28,1.434,1.434,0.036,0.074,4.297,0.994,4.297,4.297,5.292,Marquette,3,44
2020-04-23,2020-04-29,1.687,1.687,0.043,0.087,5.053,1.169,5.053,5.053,6.223,Marquette,3,44
2020-04-24,2020-04-30,2,2,0.051,0.103,5.99,1.386,5.99,5.99,7.376,Marquette,3,44
2020-04-25,2020-05-01,2.364,2.364,0.06,0.121,7.083,1.639,7.083,7.083,8.721,Marquette,3,44
2020-04-26,2020-05-02,2.763,2.763,0.07,0.142,8.279,1.915,8.279,8.279,10.194,Marquette,3,44
2020-04-27,2020-05-03,3.172,3.172,0.08,0.163,9.503,2.199,9.503,9.503,11.702,Marquette,3,44
2020-04-28,2020-05-04,3.563,3.563,0.09,0.183,10.674,2.47,10.674,10.674,13.143,Marquette,3,44
2020-04-29,2020-05-05,3.911,3.911,0.099,0.201,11.718,2.711,11.718,11.718,14.429,Marquette,3,44
2020-04-30,2020-05-06,4.203,4.203,0.106,0.216,12.591,2.913,12.591,12.591,15.505,Marquette,3,44
2020-05-01,2020-05-07,4.434,4.434,0.112,0.227,13.282,3.073,13.282,13.282,16.355,Marquette,3,44
2020-05-02,2020-05-08,4.607,4.607,0.117,0.236,13.802,3.193,13.802,13.802,16.995,Marquette,3,44
2020-05-03,2020-05-09,4.733,4.733,0.12,0.243,14.179,3.281,14.179,14.179,17.46,Marquette,3,44
2020-05-04,2020-05-10,4.822,4.822,0.122,0.247,14.444,3.342,14.444,14.444,17.786,Marquette,3,44
2020-05-05,2020-05-11,4.882,4.882,0.124,0.25,14.626,3.384,14.626,14.626,18.01,Marquette,3,44
2020-05-06,2020-05-12,4.923,4.923,0.125,0.253,14.748,3.412,14.748,14.748,18.161,Marquette,3,44
2020-03-26,2020-04-01,2.597,1.836,0.315,0.461,6.16,2.179,6.16,6.16,7.235,Monroe,15,49
2020-03-27,2020-04-02,3.355,1.937,0.692,0.915,7.041,2.991,7.041,7.041,8.08,Monroe,15,49
2020-03-28,2020-04-03,2.93,1.692,0.604,0.799,6.15,2.612,6.15,6.15,7.057,Monroe,15,49
2020-03-29,2020-04-04,2.605,1.504,0.537,0.71,5.466,2.322,5.466,5.466,6.273,Monroe,15,49
2020-03-30,2020-04-05,3.88,1.735,1.26,1.529,7.104,3.625,7.104,7.104,7.948,Monroe,15,49
2020-03-31,2020-04-06,3.481,1.557,1.13,1.372,6.373,3.252,6.373,6.373,7.13,Monroe,15,49
2020-04-01,2020-04-07,2.468,1.234,0.672,0.843,4.783,2.265,4.783,4.783,5.409,Monroe,15,49
2020-04-02,2020-04-08,2.129,1.065,0.58,0.727,4.127,1.955,4.127,4.127,4.667,Monroe,15,49
2020-04-03,2020-04-09,1.833,0.917,0.5,0.626,3.554,1.683,3.554,3.554,4.018,Monroe,15,49
2020-04-04,2020-04-10,2.43,0.992,0.892,1.058,4.258,2.296,4.258,4.258,4.726,Monroe,15,49
2020-04-05,2020-04-11,2.217,0.905,0.814,0.965,3.884,2.095,3.884,3.884,4.311,Monroe,15,49
2020-04-06,2020-04-12,1.369,0.685,0.373,0.468,2.654,1.257,2.654,2.654,3.001,Monroe,15,49
2020-04-07,2020-04-13,1.263,0.632,0.344,0.432,2.449,1.16,2.449,2.449,2.769,Monroe,15,49
2020-04-08,2020-04-14,1.172,0.586,0.319,0.4,2.271,1.076,2.271,2.271,2.568,Monroe,15,49
2020-04-09,2020-04-15,1.67,0.682,0.613,0.727,2.926,1.578,2.926,2.926,3.247,Monroe,15,49
2020-04-10,2020-04-16,1.901,0.718,0.764,0.892,3.216,1.811,3.216,3.216,3.546,Monroe,15,49
2020-04-11,2020-04-17,1.608,0.656,0.59,0.7,2.817,1.519,2.817,2.817,3.126,Monroe,15,49
2020-04-12,2020-04-18,1.565,0.639,0.574,0.682,2.742,1.479,2.742,2.742,3.044,Monroe,15,49
2020-04-13,2020-04-19,1.494,0.61,0.548,0.651,2.618,1.412,2.618,2.618,2.905,Monroe,15,49
2020-04-14,2020-04-20,1.416,0.578,0.52,0.617,2.481,1.338,2.481,2.481,2.753,Monroe,15,49
2020-04-15,2020-04-21,1.347,0.55,0.494,0.586,2.359,1.273,2.359,2.359,2.619,Monroe,15,49
2020-04-16,2020-04-22,0.861,0.431,0.235,0.294,1.669,0.79,1.669,1.669,1.887,Monroe,15,49
2020-04-17,2020-04-23,0.625,0.361,0.129,0.17,1.313,0.558,1.313,1.313,1.506,Monroe,15,49
2020-04-18,2020-04-24,0.41,0.29,0.05,0.073,0.974,0.344,0.974,0.974,1.143,Monroe,15,49
2020-04-19,2020-04-25,0.416,0.294,0.05,0.074,0.986,0.349,0.986,0.986,1.158,Monroe,15,49
2020-04-20,2020-04-26,0.436,0.308,0.053,0.077,1.035,0.366,1.035,1.035,1.215,Monroe,15,49
2020-04-21,2020-04-27,0.475,0.336,0.058,0.084,1.127,0.399,1.127,1.127,1.324,Monroe,15,49
2020-04-22,2020-04-28,0.534,0.378,0.065,0.095,1.267,0.448,1.267,1.267,1.488,Monroe,15,49
2020-04-23,2020-04-29,0.613,0.434,0.074,0.109,1.455,0.515,1.455,1.455,1.708,Monroe,15,49
2020-04-24,2020-04-30,0.356,0.356,0.009,0.018,1.066,0.247,1.066,1.066,1.313,Monroe,15,49
2020-04-25,2020-05-01,0.413,0.413,0.01,0.021,1.238,0.286,1.238,1.238,1.525,Monroe,15,49
2020-04-26,2020-05-02,0.481,0.481,0.012,0.025,1.44,0.333,1.44,1.44,1.773,Monroe,15,49
2020-04-27,2020-05-03,0.566,0.566,0.014,0.029,1.694,0.392,1.694,1.694,2.086,Monroe,15,49
2020-04-28,2020-05-04,0.678,0.678,0.017,0.035,2.031,0.47,2.031,2.031,2.501,Monroe,15,49
2020-04-29,2020-05-05,0.828,0.828,0.021,0.042,2.48,0.574,2.48,2.48,3.053,Monroe,15,49
2020-04-30,2020-05-06,1.025,1.025,0.026,0.053,3.07,0.71,3.07,3.07,3.78,Monroe,15,49
2020-05-01,2020-05-07,1.278,1.278,0.032,0.066,3.828,0.886,3.828,3.828,4.714,Monroe,15,49
2020-05-02,2020-05-08,1.593,1.593,0.04,0.082,4.772,1.104,4.772,4.772,5.876,Monroe,15,49
2020-05-03,2020-05-09,1.968,1.968,0.05,0.101,5.896,1.364,5.896,5.896,7.26,Monroe,15,49
2020-05-04,2020-05-10,2.392,2.392,0.061,0.123,7.164,1.658,7.164,7.164,8.822,Monroe,15,49
2020-05-05,2020-05-11,5.679,4.016,0.688,1.009,13.471,4.766,13.471,13.471,15.822,Monroe,15,49
2020-05-06,2020-05-12,6.536,4.622,0.792,1.161,15.504,5.485,15.504,15.504,18.209,Monroe,15,49
2020-03-29,2020-04-04,0.748,0.748,0.019,0.038,2.239,0.518,2.239,2.239,2.758,Richland,13,46
2020-03-30,2020-04-05,1.294,0.915,0.157,0.23,3.069,1.086,3.069,3.069,3.605,Richland,13,46
2020-03-31,2020-04-06,1.192,0.843,0.144,0.212,2.827,1,2.827,2.827,3.32,Richland,13,46
2020-04-01,2020-04-07,1.172,0.829,0.142,0.208,2.779,0.983,2.779,2.779,3.264,Richland,13,46
2020-04-02,2020-04-08,1.203,0.85,0.146,0.214,2.852,1.009,2.852,2.852,3.35,Richland,13,46
2020-04-03,2020-04-09,1.26,0.891,0.153,0.224,2.99,1.058,2.99,2.99,3.511,Richland,13,46
2020-04-04,2020-04-10,1.995,1.152,0.411,0.544,4.186,1.778,4.186,4.186,4.803,Richland,13,46
2020-04-05,2020-04-11,2.797,1.398,0.762,0.955,5.421,2.567,5.421,5.421,6.13,Richland,13,46
2020-04-06,2020-04-12,2.159,1.247,0.445,0.588,4.531,1.924,4.531,4.531,5.199,Richland,13,46
2020-04-07,2020-04-13,2.109,1.217,0.435,0.575,4.425,1.88,4.425,4.425,5.078,Richland,13,46
2020-04-08,2020-04-14,2.609,1.305,0.711,0.891,5.058,2.395,5.058,5.058,5.719,Richland,13,46
2020-04-09,2020-04-15,2.982,1.334,0.968,1.175,5.459,2.786,5.459,5.459,6.108,Richland,13,46
2020-04-10,2020-04-16,2.725,1.219,0.885,1.074,4.989,2.546,4.989,4.989,5.582,Richland,13,46
2020-04-11,2020-04-17,2.461,1.101,0.799,0.97,4.506,2.299,4.506,4.506,5.042,Richland,13,46
2020-04-12,2020-04-18,1.751,0.875,0.477,0.598,3.393,1.607,3.393,3.393,3.837,Richland,13,46
2020-04-13,2020-04-19,1.552,0.776,0.423,0.53,3.008,1.425,3.008,3.008,3.401,Richland,13,46
2020-04-14,2020-04-20,1.399,0.699,0.381,0.478,2.711,1.284,2.711,2.711,3.066,Richland,13,46
2020-04-15,2020-04-21,0.974,0.562,0.201,0.265,2.044,0.868,2.044,2.044,2.345,Richland,13,46
2020-04-16,2020-04-22,0.931,0.538,0.192,0.254,1.954,0.83,1.954,1.954,2.242,Richland,13,46
2020-04-17,2020-04-23,1.22,0.61,0.332,0.417,2.365,1.12,2.365,2.365,2.675,Richland,13,46
2020-04-18,2020-04-24,0.924,0.534,0.191,0.252,1.94,0.824,1.94,1.94,2.226,Richland,13,46
2020-04-19,2020-04-25,0.949,0.548,0.196,0.259,1.992,0.846,1.992,1.992,2.286,Richland,13,46
2020-04-20,2020-04-26,1.307,0.653,0.356,0.446,2.533,1.2,2.533,2.533,2.864,Richland,13,46
2020-04-21,2020-04-27,1.355,0.678,0.369,0.463,2.627,1.244,2.627,2.627,2.97,Richland,13,46
2020-04-22,2020-04-28,1.402,0.701,0.382,0.479,2.718,1.287,2.718,2.718,3.073,Richland,13,46
2020-04-23,2020-04-29,1.073,0.619,0.221,0.292,2.251,0.956,2.251,2.251,2.583,Richland,13,46
2020-04-24,2020-04-30,1.076,0.621,0.222,0.293,2.257,0.959,2.257,2.257,2.59,Richland,13,46
2020-04-25,2020-05-01,1.071,0.618,0.221,0.292,2.248,0.955,2.248,2.248,2.579,Richland,13,46
2020-04-26,2020-05-02,1.075,0.621,0.222,0.293,2.255,0.958,2.255,2.255,2.588,Richland,13,46
2020-04-27,2020-05-03,1.092,0.63,0.225,0.298,2.291,0.973,2.291,2.291,2.629,Richland,13,46
2020-04-28,2020-05-04,1.12,0.647,0.231,0.305,2.351,0.999,2.351,2.351,2.698,Richland,13,46
2020-04-29,2020-05-05,1.155,0.667,0.238,0.315,2.425,1.03,2.425,2.425,2.782,Richland,13,46
2020-04-30,2020-05-06,1.192,0.688,0.246,0.325,2.503,1.063,2.503,2.503,2.872,Richland,13,46
2020-05-01,2020-05-07,0.819,0.579,0.099,0.145,1.942,0.687,1.942,1.942,2.281,Richland,13,46
2020-05-02,2020-05-08,0.84,0.594,0.102,0.149,1.993,0.705,1.993,1.993,2.341,Richland,13,46
2020-05-03,2020-05-09,0.865,0.612,0.105,0.154,2.053,0.726,2.053,2.053,2.411,Richland,13,46
2020-05-04,2020-05-10,0.452,0.452,0.011,0.023,1.355,0.314,1.355,1.355,1.669,Richland,13,46
2020-05-05,2020-05-11,0.481,0.481,0.012,0.025,1.442,0.334,1.442,1.442,1.776,Richland,13,46
2020-05-06,2020-05-12,0.524,0.524,0.013,0.027,1.569,0.363,1.569,1.569,1.932,Richland,13,46
2020-04-03,2020-04-09,1.301,1.301,0.033,0.067,3.896,0.902,3.896,3.896,4.798,Trempealeau,6,41
2020-04-04,2020-04-10,1.146,1.146,0.029,0.059,3.432,0.794,3.432,3.432,4.226,Trempealeau,6,41
2020-04-05,2020-04-11,1.066,1.066,0.027,0.055,3.192,0.739,3.192,3.192,3.931,Trempealeau,6,41
2020-04-06,2020-04-12,1.061,1.061,0.027,0.054,3.178,0.735,3.178,3.178,3.913,Trempealeau,6,41
2020-04-07,2020-04-13,1.124,1.124,0.028,0.058,3.368,0.779,3.368,3.368,4.147,Trempealeau,6,41
2020-04-08,2020-04-14,1.251,1.251,0.032,0.064,3.747,0.867,3.747,3.747,4.614,Trempealeau,6,41
2020-04-09,2020-04-15,1.44,1.44,0.036,0.074,4.313,0.998,4.313,4.313,5.311,Trempealeau,6,41
2020-04-10,2020-04-16,1.692,1.692,0.043,0.087,5.067,1.172,5.067,5.067,6.24,Trempealeau,6,41
2020-04-11,2020-04-17,2.004,2.004,0.051,0.103,6.003,1.389,6.003,6.003,7.392,Trempealeau,6,41
2020-04-12,2020-04-18,2.368,2.368,0.06,0.121,7.094,1.641,7.094,7.094,8.735,Trempealeau,6,41
2020-04-13,2020-04-19,2.767,2.767,0.07,0.142,8.288,1.918,8.288,8.288,10.206,Trempealeau,6,41
2020-04-14,2020-04-20,3.175,3.175,0.08,0.163,9.511,2.201,9.511,9.511,11.712,Trempealeau,6,41
2020-04-15,2020-04-21,3.565,3.565,0.09,0.183,10.68,2.471,10.68,10.68,13.151,Trempealeau,6,41
2020-04-16,2020-04-22,3.913,3.913,0.099,0.201,11.722,2.712,11.722,11.722,14.435,Trempealeau,6,41
2020-04-17,2020-04-23,4.204,4.204,0.106,0.216,12.595,2.914,12.595,12.595,15.509,Trempealeau,6,41
2020-04-18,2020-04-24,8.869,6.271,1.074,1.576,21.036,7.442,21.036,21.036,24.706,Trempealeau,6,41
2020-04-19,2020-04-25,9.162,6.478,1.11,1.628,21.732,7.688,21.732,21.732,25.524,Trempealeau,6,41
2020-04-20,2020-04-26,8.6,6.081,1.042,1.528,20.399,7.217,20.399,20.399,23.959,Trempealeau,6,41
2020-04-21,2020-04-27,6.865,4.854,0.831,1.22,16.282,5.761,16.282,16.282,19.124,Trempealeau,6,41
2020-04-22,2020-04-28,5.095,3.603,0.617,0.905,12.086,4.276,12.086,12.086,14.194,Trempealeau,6,41
2020-04-23,2020-04-29,3.86,2.73,0.468,0.686,9.157,3.24,9.157,9.157,10.755,Trempealeau,6,41
2020-04-24,2020-04-30,4.625,2.67,0.954,1.261,9.706,4.123,9.706,9.706,11.138,Trempealeau,6,41
2020-04-25,2020-05-01,2.593,1.833,0.314,0.461,6.15,2.176,6.15,6.15,7.223,Trempealeau,6,41
2020-04-26,2020-05-02,2.235,1.58,0.271,0.397,5.301,1.875,5.301,5.301,6.226,Trempealeau,6,41
2020-04-27,2020-05-03,1.955,1.382,0.237,0.347,4.637,1.641,4.637,4.637,5.446,Trempealeau,6,41
2020-04-28,2020-05-04,2.653,1.532,0.547,0.723,5.567,2.365,5.567,5.567,6.389,Trempealeau,6,41
2020-04-29,2020-05-05,2.488,1.436,0.513,0.678,5.22,2.217,5.22,5.22,5.991,Trempealeau,6,41
2020-04-30,2020-05-06,3.156,1.578,0.86,1.078,6.117,2.897,6.117,6.117,6.917,Trempealeau,6,41
2020-05-01,2020-05-07,2.224,1.284,0.459,0.606,4.668,1.983,4.668,4.668,5.357,Trempealeau,6,41
2020-05-02,2020-05-08,2.037,1.176,0.42,0.555,4.274,1.815,4.274,4.274,4.905,Trempealeau,6,41
2020-05-03,2020-05-09,1.833,1.058,0.378,0.5,3.847,1.634,3.847,3.847,4.415,Trempealeau,6,41
2020-05-04,2020-05-10,1.667,0.963,0.344,0.454,3.499,1.486,3.499,3.499,4.015,Trempealeau,6,41
2020-05-05,2020-05-11,1.034,0.731,0.125,0.184,2.452,0.867,2.452,2.452,2.88,Trempealeau,6,41
2020-05-06,2020-05-12,1.475,0.852,0.304,0.402,3.095,1.315,3.095,3.095,3.552,Trempealeau,6,41
2020-04-25,2020-05-01,1.301,1.301,0.033,0.067,3.896,0.902,3.896,3.896,4.798,Vernon,4,19
2020-04-26,2020-05-02,1.146,1.146,0.029,0.059,3.432,0.794,3.432,3.432,4.226,Vernon,4,19
2020-04-27,2020-05-03,1.066,1.066,0.027,0.055,3.192,0.739,3.192,3.192,3.931,Vernon,4,19
2020-04-28,2020-05-04,2.121,1.5,0.257,0.377,5.032,1.78,5.032,5.032,5.91,Vernon,4,19
2020-04-29,2020-05-05,2.245,1.587,0.272,0.399,5.325,1.884,5.325,5.325,6.254,Vernon,4,19
2020-04-30,2020-05-06,2.437,1.723,0.295,0.433,5.78,2.045,5.78,5.78,6.788,Vernon,4,19
2020-05-01,2020-05-07,2.569,1.817,0.311,0.456,6.094,2.156,6.094,6.094,7.157,Vernon,4,19
2020-05-02,2020-05-08,3.852,2.224,0.794,1.05,8.083,3.433,8.083,8.083,9.276,Vernon,4,19
2020-05-03,2020-05-09,3.68,2.125,0.759,1.003,7.722,3.28,7.722,7.722,8.862,Vernon,4,19
2020-05-04,2020-05-10,3.37,1.946,0.695,0.919,7.072,3.004,7.072,7.072,8.116,Vernon,4,19
2020-05-05,2020-05-11,1.972,1.394,0.239,0.35,4.677,1.655,4.677,4.677,5.493,Vernon,4,19
2020-05-06,2020-05-12,2.552,1.473,0.526,0.696,5.356,2.275,5.356,5.356,6.146,Vernon,4,19
2020-03-17,2020-03-23,5.617,1.404,3.211,3.523,8.109,5.501,8.109,8.109,8.686,Gundersen,500,58
2020-03-18,2020-03-24,3.876,0.969,2.215,2.431,5.595,3.796,5.595,5.595,5.993,Gundersen,500,58
2020-03-19,2020-03-25,4.452,0.89,2.881,3.095,6.011,4.393,6.011,6.011,6.359,Gundersen,500,58
2020-03-20,2020-03-26,4.158,0.759,2.806,2.993,5.481,4.112,5.481,5.481,5.773,Gundersen,500,58
2020-03-21,2020-03-27,3.684,0.641,2.536,2.696,4.798,3.647,4.798,4.798,5.043,Gundersen,500,58
2020-03-22,2020-03-28,3.079,0.528,2.132,2.265,3.996,3.049,3.996,3.996,4.197,Gundersen,500,58
2020-03-23,2020-03-29,2.728,0.448,1.92,2.034,3.505,2.703,3.505,3.505,3.674,Gundersen,500,58
2020-03-24,2020-03-30,2.556,0.394,1.842,1.944,3.238,2.536,3.238,3.238,3.385,Gundersen,500,58
2020-03-25,2020-03-31,2.774,0.377,2.084,2.183,3.422,2.756,3.422,3.422,3.561,Gundersen,500,58
2020-03-26,2020-04-01,1.991,0.297,1.452,1.529,2.503,1.976,2.503,2.503,2.613,Gundersen,500,58
2020-03-27,2020-04-02,2.04,0.28,1.528,1.602,2.522,2.028,2.522,2.522,2.625,Gundersen,500,58
2020-03-28,2020-04-03,1.759,0.244,1.313,1.378,2.178,1.747,2.178,2.178,2.268,Gundersen,500,58
2020-03-29,2020-04-04,1.479,0.211,1.094,1.149,1.843,1.469,1.843,1.843,1.921,Gundersen,500,58
2020-03-30,2020-04-05,1.642,0.212,1.253,1.31,2.006,1.633,2.006,2.006,2.083,Gundersen,500,58
2020-03-31,2020-04-06,1.439,0.191,1.09,1.141,1.767,1.431,1.767,1.767,1.836,Gundersen,500,58
2020-04-01,2020-04-07,1.063,0.158,0.775,0.817,1.337,1.055,1.337,1.337,1.396,Gundersen,500,58
2020-04-02,2020-04-08,1.048,0.153,0.77,0.81,1.311,1.04,1.311,1.311,1.368,Gundersen,500,58
2020-04-03,2020-04-09,0.852,0.135,0.608,0.643,1.084,0.845,1.084,1.084,1.135,Gundersen,500,58
2020-04-04,2020-04-10,1.138,0.154,0.858,0.898,1.402,1.132,1.402,1.402,1.458,Gundersen,500,58
2020-04-05,2020-04-11,1.168,0.155,0.885,0.926,1.434,1.161,1.434,1.434,1.49,Gundersen,500,58
2020-04-06,2020-04-12,1.006,0.144,0.744,0.782,1.253,0.999,1.253,1.253,1.306,Gundersen,500,58
2020-04-07,2020-04-13,0.986,0.142,0.727,0.764,1.231,0.979,1.231,1.231,1.283,Gundersen,500,58
2020-04-08,2020-04-14,1.104,0.15,0.829,0.869,1.362,1.097,1.362,1.362,1.417,Gundersen,500,58
2020-04-09,2020-04-15,1.505,0.175,1.181,1.229,1.803,1.498,1.803,1.803,1.866,Gundersen,500,58
2020-04-10,2020-04-16,1.497,0.174,1.176,1.223,1.795,1.491,1.795,1.795,1.857,Gundersen,500,58
2020-04-11,2020-04-17,1.397,0.167,1.089,1.134,1.683,1.391,1.683,1.683,1.743,Gundersen,500,58
2020-04-12,2020-04-18,1.565,0.174,1.243,1.291,1.862,1.559,1.862,1.862,1.924,Gundersen,500,58
2020-04-13,2020-04-19,1.567,0.17,1.252,1.299,1.857,1.561,1.857,1.857,1.918,Gundersen,500,58
2020-04-14,2020-04-20,1.572,0.166,1.264,1.31,1.854,1.566,1.854,1.854,1.913,Gundersen,500,58
2020-04-15,2020-04-21,1.515,0.158,1.222,1.265,1.784,1.51,1.784,1.784,1.84,Gundersen,500,58
2020-04-16,2020-04-22,1.116,0.131,0.873,0.908,1.34,1.11,1.34,1.34,1.388,Gundersen,500,58
2020-04-17,2020-04-23,1.035,0.123,0.808,0.842,1.245,1.03,1.245,1.245,1.289,Gundersen,500,58
2020-04-18,2020-04-24,0.996,0.117,0.779,0.811,1.197,0.991,1.197,1.197,1.239,Gundersen,500,58
2020-04-19,2020-04-25,0.962,0.113,0.753,0.783,1.156,0.958,1.156,1.156,1.197,Gundersen,500,58
2020-04-20,2020-04-26,1.248,0.128,1.01,1.045,1.466,1.244,1.466,1.466,1.512,Gundersen,500,58
2020-04-21,2020-04-27,1.218,0.126,0.983,1.018,1.433,1.213,1.433,1.433,1.478,Gundersen,500,58
2020-04-22,2020-04-28,1.217,0.126,0.982,1.017,1.432,1.213,1.432,1.432,1.476,Gundersen,500,58
2020-04-23,2020-04-29,1.297,0.13,1.055,1.091,1.517,1.292,1.517,1.517,1.563,Gundersen,500,58
2020-04-24,2020-04-30,1.323,0.13,1.081,1.117,1.544,1.319,1.544,1.544,1.589,Gundersen,500,58
2020-04-25,2020-05-01,1.264,0.125,1.03,1.065,1.476,1.259,1.476,1.476,1.52,Gundersen,500,58
2020-04-26,2020-05-02,1.175,0.119,0.954,0.987,1.377,1.171,1.377,1.377,1.419,Gundersen,500,58
2020-04-27,2020-05-03,0.868,0.1,0.683,0.71,1.04,0.865,1.04,1.04,1.076,Gundersen,500,58
2020-04-28,2020-05-04,0.886,0.1,0.701,0.728,1.056,0.882,1.056,1.056,1.091,Gundersen,500,58
2020-04-29,2020-05-05,0.888,0.099,0.705,0.732,1.056,0.885,1.056,1.056,1.092,Gundersen,500,58
2020-04-30,2020-05-06,0.84,0.096,0.663,0.689,1.003,0.836,1.003,1.003,1.037,Gundersen,500,58
2020-05-01,2020-05-07,0.957,0.103,0.766,0.794,1.131,0.953,1.131,1.131,1.168,Gundersen,500,58
2020-05-02,2020-05-08,0.895,0.1,0.71,0.737,1.066,0.891,1.066,1.066,1.101,Gundersen,500,58
2020-05-03,2020-05-09,0.833,0.098,0.653,0.68,1,0.83,1,1,1.035,Gundersen,500,58
2020-05-04,2020-05-10,0.93,0.104,0.738,0.766,1.108,0.926,1.108,1.108,1.145,Gundersen,500,58
2020-05-05,2020-05-11,0.817,0.098,0.635,0.662,0.985,0.813,0.985,0.985,1.02,Gundersen,500,58
2020-05-06,2020-05-12,0.855,0.101,0.668,0.695,1.029,0.851,1.029,1.029,1.065,Gundersen,500,58
